GRID_CODE;JSOW;JRIP
12014;334.241333;108.3342896
12015;334.6661682;107.3082199
12016;335.0691223;106.8117065
12017;335.3494263;107.1225128
12018;335.576355;107.5192413
12019;335.7981262;107.9302063
12020;336.0678101;108.8030396
12021;336.352417;114.9229126
12022;336.6651306;120.8152771
12023;337.0230103;125.8818207
12024;337.26651;122.312973
12025;337.5610657;119.7291031
12026;337.9434204;118.9278793
12027;338.3257751;118.1266479
12028;338.7081299;117.3254166
12029;339.0905151;116.5241928
12030;339.4728699;115.7229614
12031;339.8707581;114.9971313
12032;340.3255615;114.5479507
12033;340.780365;114.0987701
12034;341.2351685;113.6495895
12035;341.6899719;113.2004089
12036;342.1448059;112.7512283
12037;342.5996094;112.3020477
12038;343.0544128;111.8528671
12039;343.5513611;111.2099915
12040;339.2003784;107.6496201
12041;336.0699768;105.8660736
12042;335.4441223;105.8925781
12043;336.0161133;105.8959427
12044;340.9718933;105.8146133
13014;333.9969482;109.322731
13015;334.2554932;108.7920074
13016;334.6872253;107.8848267
13017;334.9502563;107.7513428
13018;335.0665283;107.9962769
13019;335.3145752;113.7869263
13020;335.5991821;119.9068069
13021;335.9110413;125.8059998
13022;336.1869202;131.3642426
13023;336.6142578;134.3956757
13024;336.8422852;130.4617767
13025;337.0703125;126.5278778
13026;337.4364014;125.3964081
13027;337.8187561;124.5951767
13028;338.2011108;123.7939529
13029;338.5834656;122.9927216
13030;338.9658508;122.1914902
13031;339.3482056;121.3902664
13032;339.7305603;120.5890427
13033;340.112915;119.7878036
13034;340.4953003;118.9865799
13035;340.9188538;118.3855286
13036;341.3736572;117.936348
13037;341.8592224;117.3457336
13038;342.3791199;116.5973282
13039;340.8502808;114.6661987
13040;330.3456116;107.5532532
13041;328.4033813;106.6284027
13042;327.7775269;106.6548996
13043;327.1516724;106.6814117
13044;326.5258179;106.7079163
13045;326.2557983;106.7275467
13046;331.2115784;106.6462173
13047;336.1673584;106.5648804
13048;341.1231384;106.483551
14019;335.0180664;121.8657303
14020;335.1916504;130.523468
14021;335.461731;136.4391632
14022;335.7882385;141.8568268
14023;336.1900024;142.5444641
14024;336.4180298;138.6105652
14025;336.6460571;134.6766815
14026;336.9293823;131.8649292
14027;337.3117371;131.0637054
14028;337.6940918;130.2624817
14029;338.0764465;129.4612427
14030;338.4588013;128.6600189
14031;338.8411865;127.8588028
14032;339.2235413;127.0575638
14033;339.605896;126.25634
14034;339.9882507;125.4551086
14035;340.2485962;124.2079163
14036;340.6869812;122.7330627
14037;341.2068787;121.9846573
14038;341.7267761;121.2362671
14039;331.9955139;114.5698166
14040;321.4908447;107.4568634
14041;320.7367859;107.3907166
14042;320.1109314;107.4172211
14043;319.4850769;107.4437332
14044;318.8592224;107.4702377
14045;318.6530151;108.3938904
14046;317.5748596;107.7006836
14047;316.8827515;108.001442
14048;321.1783142;107.8861618
14049;326.2911072;107.5699081
14050;331.3628235;107.3151627
14051;336.3186035;107.2338181
14052;341.2743835;107.1524887
15020;335.0050049;139.4346924
15021;335.0331726;146.5116425
15022;335.4266968;152.0092773
15023;335.7657471;150.6932678
15024;335.9937744;146.7593689
15025;336.2218018;142.82547
15026;336.4498291;138.891571
15027;336.804718;137.5322418
15028;337.1870728;136.7310028
15029;337.5694275;135.9297791
15030;337.9517822;135.1285553
15031;338.334137;134.3273163
15032;338.6367188;133.2344513
15033;338.8742676;131.9040985
15034;339.1118164;130.5737457
15035;339.4976196;129.0511169
15036;340.0346375;127.3720016
15037;340.5545349;126.6235962
15038;333.6454163;121.5863876
15039;323.1407166;114.4734268
15040;313.6960144;108.1265335
15041;313.0701599;108.153038
15042;312.4443359;108.1795425
15043;311.8184814;108.2060471
15044;312.0586853;110.084137
15045;314.3003235;116.2692337
15046;311.1820984;111.3410416
15047;308.9498596;108.8980331
15048;307.7098694;109.2384567
15049;307.7182312;109.4884872
15050;311.6976013;109.4509735
15051;315.8892517;109.3612366
15052;321.0020752;109.0449905
15053;326.1148987;108.7287369
15054;331.2277222;108.4124832
15055;336.3405151;108.0962296
15056;341.4256287;107.8214264
16021;334.9998474;155.9521332
16022;335.0833435;161.540451
16023;335.3415222;158.8420563
16024;335.5695496;154.9081726
16025;335.7975769;150.9742737
16026;336.0256042;147.0403748
16027;336.2976685;144.0007629
16028;336.6800537;143.1995392
16029;337.0248108;142.2609863
16030;337.2623901;140.9306335
16031;337.499939;139.6002808
16032;337.7375183;138.269928
16033;337.9750671;136.9395752
16034;338.3060608;135.4880219
16035;338.8438416;133.7682495
16036;339.3816223;132.0484924
16037;335.2952881;128.602951
16038;324.7906189;121.4900131
16039;314.2859497;114.3770523
16040;306.0294189;108.8888474
16041;305.4035645;108.9153595
16042;304.7777405;108.9418564
16043;305.464386;111.7743988
16044;308.1426392;118.8648224
16045;307.9145203;119.9290314
16046;304.7962952;115.0008469
16047;301.6781006;110.0726624
16048;300.3248596;110.0953827
16049;299.0848694;110.4358063
16050;297.8448792;110.7762375
16051;299.4928589;110.8384628
16052;306.2022095;110.4024734
16053;312.0023499;110.9587173
16054;317.2478638;110.6385117
16055;322.4934082;110.3183136
16056;327.7389221;109.9981079
16057;332.9844666;109.6779022
16058;340.4607849;112.0054321
16059;344.841156;111.7237091
17021;334.4641724;164.2629852
17022;334.7153015;164.2402802
17023;335.2823486;160.8781586
17024;335.4872742;157.5407104
17025;335.6780396;154.207962
17026;335.8687744;150.8752136
17027;336;148.3223267
17028;336;148.0483856
17029;336.1256409;147.2964478
17030;336.3631897;145.966095
17031;336.600769;144.6357422
17032;336.8383179;143.3053894
17033;337.1145325;141.9249268
17034;337.6522827;140.2051544
17035;338.1900635;138.4853973
17036;338.1217957;136.6963196
17037;326.4405212;128.5065765
17038;315.9358521;121.3936234
17039;305.4311829;114.2806702
17040;298.3628235;109.6511688
17041;297.736969;109.677681
17042;298.8700562;113.464653
17043;301.5483093;120.5550766
17044;304.226593;127.6455002
17045;301.5286865;123.588829
17046;298.4104919;118.6606369
17047;295.2922974;113.73246
17048;292.9398193;110.9522934
17049;292.0165405;111.1076584
17050;291.1448364;111.2328568
17051;290.2731628;111.3580704
17052;295.4375916;111.0364304
17053;302.0368347;113.0652924
17054;307.2823792;112.7450867
17055;312.5278931;112.4248886
17056;317.7804565;112.2503967
17057;323.5422974;122.6563034
17058;333.914917;118.0464935
17059;338.7939453;117.7679901
17060;344.0929565;117.0863571
17061;345.3713684;117.3155823
17062;344.9319153;117.6928329
18021;334.3480835;163.999939
18022;334.3916016;162.7639771
18023;334.9380188;159.3970642
18024;335.5111389;155.9371948
18025;335.8616638;152.5513306
18026;336;149.9050903
18027;336;149.0706482
18028;336;148.4370422
18029;336;148.3343658
18030;336;148.2316742
18031;336;148.1289978
18032;336;148.0256195
18033;336.7419739;144.7848358
18034;337.5486145;141.2893066
18035;336.8980713;141.2019348
18036;334.3494873;141.9133148
18037;323.0996704;134.4691772
18038;307.9915771;122.29776
18039;296.5763855;114.1843033
18040;290.696228;110.4134903
18041;292.2757568;115.1548996
18042;294.95401;122.2453308
18043;297.6322632;129.3357544
18044;298.2611084;132.1768188
18045;295.1428833;127.2486267
18046;292.0246887;122.3204498
18047;289.8688965;116.5515137
18048;288.2484131;113.8992767
18049;286.568573;112.8680725
18050;284.8887329;111.8368607
18051;283.8152161;111.673233
18052;284.6729736;111.6704025
18053;292.0713501;115.1718826
18054;297.316864;114.8516693
18055;302.6211853;115.7522964
18056;308.3830261;126.1582031
18057;316.480957;131.0154724
18058;327.3690491;124.0875397
18059;332.2480774;123.8090363
18060;343.9214172;117.0085297
18061;345.3236389;118.3072128
18062;343.9538574;121.4983368
19022;334.1246338;162.2637787
19023;334.5578613;160.4225616
19024;335.1226501;157.542984
19025;335.5577698;153.8665619
19026;335.8752747;151.6530304
19027;336;149.8189545
19028;336;148.9845123
19029;336;148.7230225
19030;336;148.6000671
19031;336;148.2987061
19032;336.1112671;147.5179138
19033;336.4277954;145.1687164
19034;335.5024414;145.7240753
19035;334.5770874;146.2794495
19036;330.5771484;147.1303253
19037;321.4754333;142.3180695
19038;306.3673401;130.146637
19039;291.2592163;117.9752197
19040;285.681427;116.8451538
19041;288.3596802;123.9355774
19042;291.0379333;131.026001
19043;293.716217;138.1164246
19044;291.8752747;135.8366241
19045;288.9956055;130.7000732
19046;287.5107422;124.3449783
19047;285.9941406;118.8571167
19048;284.3143005;117.8259125
19049;282.6344604;116.7947006
19050;280.9546509;115.7634888
19051;279.5988159;114.663887
19052;279.2323303;113.3554993
19053;281.5474243;116.2120972
19054;287.4619141;119.2542114
19055;293.2237549;129.6601105
19056;298.9856262;140.0660095
19057;310.7972107;136.1025238
19058;320.8231812;130.1285858
19059;331.7715149;124.0240021
19060;343.7498474;116.930687
19061;345.2079468;119.0320969
19062;344.1134033;121.4464111
19062;343.5487061;122.8164673
20023;334.2061768;166.312439
20024;334.5189514;163.1407776
20025;334.5860291;158.2828827
20026;335.0251465;157.6224823
20027;335.4248962;155.1760406
20028;335.6260681;152.729599
20029;335.8669739;149.2463226
20030;335.7987976;149.068985
20031;335.7306519;148.8916473
20032;335.032135;149.6908569
20033;334.106781;150.2462158
20034;333.181427;150.80159
20035;331.2495117;151.4537048
20036;326.8048096;152.3473206
20037;319.8511963;150.1669617
20038;304.7430725;137.9955292
20039;290.1689758;126.7062836
20040;283.5622559;128.0656738
20041;285.2160034;133.7650146
20042;287.1218872;139.8066864
20043;288.6076965;144.4246063
20044;286.6374512;138.4935455
20045;285.1526184;132.138443
20046;283.6677856;125.7833481
20047;282.0600281;122.7837524
20048;281.1730042;121.5852127
20049;280.8065186;120.2768173
20050;280.440033;118.9684296
20051;280.0735474;117.6600266
20052;279.8031311;116.818779
20053;280.2669373;119.6229935
20054;282.1459351;131.5563812
20055;284.0249634;143.4897766
20056;290.1596375;152.6165161
20057;304.9012756;142.6170197
20058;320.1103821;133.6634979
20059;334.7396851;126.5249481
20060;344.5299683;120.5575867
20061;342.0022888;127.6166611
20061;343.2455139;123.7759933
21023;333.4267273;168.6727142
21024;333.5722961;167.3469238
21025;333.6142578;162.6992188
21026;334.0834656;163.0163574
21027;334.5554199;161.1454926
21028;335.03479;157.8132935
21029;335.3916016;154.7510529
21030;335.0783997;152.3730927
21031;334.6759644;151.4336548
21032;333.2752686;153.4925385
21033;331.7857971;155.3237305
21034;330.8604431;155.8790894
21035;327.4771729;156.6707001
21036;323.0324707;157.5643311
21037;318.2269592;158.0158386
21038;303.1188354;145.8444214
21039;291.8886108;140.0794678
21040;285.8238525;140.9980621
21041;287.0572205;149.4985657
21042;288.7861023;153.918869
21043;291.1463623;150.4047546
21044;289.9635925;144.2307892
21045;288.7808228;138.056839
21046;286.0771179;132.0433197
21047;282.4921265;127.7466202
21048;281.6477356;124.5813599
21049;281.28125;123.2729568
21050;280.9147644;121.9645691
21051;280.5482788;120.6561737
21052;280.4077759;120.4465714
21053;281.7986755;129.231308
21054;283.6777039;141.1647034
21055;287.0008545;158.6239319
21056;288.2164001;162.3803558
21057;296.6741638;164.8138275
21058;312.1940918;154.9295807
21059;327.8282776;141.857254
21060;334.1434021;138.4733276
22024;332.9407349;168.8574219
22025;332.7932434;166.9830627
22026;333.6961365;167.812088
22027;334.9932556;166.8568115
22028;334.9981079;163.0841522
22029;335;160.3541565
22030;335.1314697;158.1481628
22031;334.2408447;155.773941
22032;331.6577148;156.9791412
22033;329.522583;160.2705383
22034;328.1495361;160.9940796
22035;323.704834;161.8876953
22036;319.2601624;162.7813263
22037;314.8154602;163.6749573
22038;301.4945984;153.6932983
22039;292.2037964;153.9228363
22040;290.5351257;155.8007507
22041;295.3152771;161.4117432
22042;295.6506653;161.5596161
22043;298.9997559;158.7878723
22044;298.2729187;152.956192
22045;297.0901489;146.7822266
22046;290.1811218;141.2123108
22047;284.3432007;136.0903015
22048;283.4625549;132.7842712
22049;282.5819092;129.4782257
22050;281.7012939;126.1722031
22051;281.0230103;123.6523132
22052;281.4513855;126.9062424
22053;285.0011292;145.2323761
22054;288.9363098;165.0333862
22055;289.3930969;169.0691681
22056;289.7995911;169.7756958
22057;294.6567078;174.1148834
22058;304.7330017;167.624115
22059;319.4930115;154.7005615
22060;330.6323242;145.4983978
23026;333.7258606;168.9810181
23027;334.6038208;168.9981079
23028;334.940033;167.3742218
23029;335;165.9191589
23030;335;163.0958099
23031;331.5751038;161.7772369
23032;328.1487427;163.2227631
23033;327.0985718;164.7251892
23034;324.7382202;165.7083588
23035;319.9325256;167.1047058
23036;315.4878235;167.9983368
23037;311.0431213;168.8919525
23038;301.436676;166.7313843
23039;294.2479858;159.2963257
23040;299.7074585;163.88414
23041;310.7947693;159.9953461
23042;308.1585693;163.9314575
23043;305.8643188;166.4286346
23044;306.5822449;161.6815796
23045;301.3119202;155.9388123
23046;293.000824;148.7268677
23047;285.6347961;138.5363922
23048;282.3009949;127.2029877
23049;281.4319458;123.9505692
23050;280.5629272;120.698143
23051;283.6813965;135.4100342
23052;286.9365845;151.6418304
23053;290.8717651;171.4428406
23054;291.5936584;176.6802216
23055;291.1461487;176.6175232
23056;291.3827515;177.171051
23057;292.0924988;176.5818939
23058;301.7066956;172.4184723
23059;315.3875732;163.9136658
23060;322.7683411;157.9685364
23061;331.3267212;151.0197601
24024;319.5763245;166.724411
24028;334.4633179;168.9999237
24029;334.2303467;167.977005
24030;333.9851074;165.3445282
24031;329.9712524;165.0339813
24032;326.3839417;166.6592407
24033;324.0431519;168.2241516
24034;321.267395;170.0735168
24035;320.3786621;166.4311371
24036;315.3101501;168.3013763
24037;309.9141541;169.9211731
24038;301.1966553;168.2444305
24039;301.2081299;164.6864471
24040;314.9395142;162.3248138
24041;326.2742615;158.578949
24042;326.4273071;160.9246826
24043;318.4264221;167.3272247
24044;310.8778076;168.6494446
24045;301.3672485;159.8924103
24046;291.8566895;151.135376
24047;286.9855957;139.2772675
24048;283.2585144;126.6544724
24049;283.4003296;131.5310669
24050;286.8456726;148.2693634
24051;289.9829102;163.8820801
24052;293.1201477;179.4947968
24053;293.6686707;183.6686707
24054;293.1239319;183.1239471
24055;292.5792236;182.5792236
24056;292.8088074;180.0526886
24057;290.5452271;178.697052
24058;297.2809753;175.0221558
24059;320.7895813;161.3234711
24060;335.176178;152.2211761
24061;335.3224792;151.5744781
25029;334.0226746;168.7339935
25030;333.7896118;167.39328
25031;328.7214355;168.462677
25032;325.0389709;170.0145264
25033;321.6680603;170.9377747
25034;318.0299988;174.0236664
25035;317.2314453;170.3683624
25036;315.7745361;168.1261292
25036;315.3599854;167.0601349
25039;300.4790039;146.8527832
25040;300.2049561;144.0065765
25041;310.6340637;157.3085175
25042;316.1761475;166.6363068
25043;308.5748596;172.6933289
25044;303.755188;173.0397949
25045;300.223114;162.3009186
25046;292.0634766;152.6409302
25047;288.9326782;140.1699677
25048;288.1878052;128.3065796
25049;289.6304321;148.2845001
25050;291.8386536;172.3686218
25051;292.921814;177.098114
25052;294;183.1191559
25053;293.9577942;183.9578094
25054;293.4130859;183.4130859
25055;294.0847778;172.7945557
25056;294.8173828;169.5976105
25057;295.6159973;175.802063
25058;294.1467896;176.8527069
25059;312.113739;166.4851685
25060;331.2449341;155.3764343
25086;320.3218384;163.4798126
25087;320.0917969;163.6172028
26030;332.1850891;169.1017456
26031;328.3800964;169.6350861
26032;324.9032288;170.3440552
26040;299.9099121;150.6053772
26041;298.0762024;167.9957733
26042;302.0295105;171.8408508
26043;296.5305481;178.0771637
26044;294.4785156;178.1441956
26045;295.8868103;165.7676239
26046;295.2893982;153.8592834
26047;294.5445251;141.9958801
26048;294.8123474;144.1188354
26049;295.5291443;154.5103912
26050;294.6981506;176.7418976
26051;294.4645386;177.5673828
26052;294.4256287;178.8539429
26053;294.6656799;177.5144501
26054;295.5065308;168.5795288
26055;296.2113037;157.8672333
26056;296.8259277;159.1425476
26057;299.7203674;170.6224823
26058;314.3870544;164.7877197
26059;317.5474854;163.2017212
26060;333.5751953;153.9884644
26061;333.3622437;154.7286224
26084;320.5967712;164.2866058
26085;320.0925598;165.1773529
26086;319.5874023;166.6504364
26087;319.3209534;166.5804596
26088;319.0532532;165.3226166
26089;318.0575256;164.3485718
27031;324.0896606;169.1075592
27031;327.7636414;169.338562
27032;323.7556458;169.7125397
27043;296.5823669;176.6415863
27046;297.6889954;153.3970032
27047;298.6274414;143.5363922
27048;296.9949341;148.5791779
27049;296.5104065;161.0041504
27050;295.4794922;169.5252686
27051;294.9172363;172.97435
27051;295.171875;171.2171631
27052;295.4746399;168.9901276
27053;296.0252075;164.479248
27054;296.9646606;154.0096741
27055;297.7509155;145.786499
27056;296.200592;154.9666138
27057;297.586731;173.7737122
27058;321.7122498;160.9728088
27059;332.1643066;155.0650787
27060;333.0673828;154.9464722
27060;333.135498;155.7368622
27060;334.6701965;153.4850159
27061;332.1553955;156.107132
27067;319.5892944;167.8084869
27068;319.9396057;167.1068726
27069;319.7791748;167.4416199
27084;319.9429016;165.7715607
27089;317.9156799;166.1444702
28030;321.0435486;168.1070404
28031;321.1102295;168.5239563
28032;319.5519714;168.9104004
28033;318.5883789;168.7176819
28034;316.8948975;168.8921509
28035;315.155304;168.7023926
28036;314.5414429;167.0829163
28037;314.115387;166.2307587
28038;312.7781982;164.1019897
28058;320.7321472;162.3814545
28059;333.1851807;155.7565155
28059;330.5968323;156.9959717
28060;333.017334;155.9596558
28064;322.8605042;165.6810913
28065;321.3098755;167.0886078
28066;319.9166565;168.3276978
28067;319;169.0814056
28068;319.2268677;168.5449219
28069;319.6493225;167.7013245
28080;319.9786682;166.8770447
28081;319.5315857;167.5775146
28082;319.5934753;167.4508972
29030;316.2781982;168
29031;315.6600037;168.1320038
29032;317.0106201;168.4021301
29033;316.8812256;168.3762512
29034;316.6153564;168.3230743
29035;314.9919128;168.05159
29036;314.5327759;167.0655518
29037;313.9191589;166.1303406
29038;313.1287537;165.1073608
29039;312.9585266;164.7064514
29064;321.9408875;167.0489807
29065;320.7333069;167.94133
29066;319.1572571;169.4177399
29067;319;169.3403778
29068;319;169.125351
29069;319;169.0138702
29080;319.1309814;168.7210083
29081;319;168.992691
29082;319;169
29083;319.008667;168.965332
29085;319;168.6480865
29091;314.7481689;171.8443756
29092;314.3652954;171.8563995
30027;315.3330078;168
30028;315.3618774;168
30029;315.1078186;168
30030;316.3396912;168.2058105
30031;317.7026978;168.5405426
30032;315.0622559;168.0124512
30033;315.8784485;168.1756897
30034;315.289978;168.0579987
30035;314.9811707;167.9623718
30036;314.4041138;167.0501404
30037;316.1677246;166.8303986
30038;320.6293335;167.4907532
30039;318.2677002;166.7433319
30040;311.3761292;166.6150665
30041;310.5436707;167.6287689
30064;320.2970886;168.8986053
30064;320.5139771;169.0901337
30065;319.1712952;169.8164215
30066;319.0001831;169.8394012
30067;319;169.4322662
30068;319;169.203537
30069;319;169.0367889
30069;319.15802;168.6839447
30070;319.2808838;168.4382477
30078;319.0795288;168.8409729
30079;319.0671387;168.8656921
30079;319.0079041;168.9841766
30080;319.006897;168.9862061
30081;319;169
30082;319;168.8988037
30083;319;168.5673828
30086;319;169.1567688
30086;319;169.2368164
30087;319;169.2928619
30089;319;173.7906494
30090;317.8838196;174.3096313
30090;316.9128418;175.1413422
30091;316.0847778;175.7188721
30091;314.901947;175.7306671
30092;314.2816467;173.3645782
30092;314.7224731;175.9437256
30093;312.1719666;173.2328491
30094;311.5079956;172.1728363
30095;310.6557312;171.5172424
30096;309.6567688;170.9145508
30100;304.8242493;161.9352417
30101;304.2478638;161.8291626
31026;315;168
31027;315.1946411;168
31028;315.2261963;168
31029;315;168
31030;320.0057068;169.1516113
31031;322.8859558;169.7338715
31032;319.5580444;168.995163
31033;315.6166992;168.1259003
31034;317.2333679;168.5075836
31035;321.3772278;169.4493713
31036;324.4533386;170.2947845
31037;328.9149475;170.9551544
31038;333.3765869;171.615509
31039;331.4745483;170.9629059
31040;319.6150208;169.0034485
31041;312.533783;169.2720184
31042;310.4116211;169.6955414
31057;316.4396973;173.9060211
31058;318.0048218;176.3334503
31069;319.0635681;168.872879
31069;319;169.2320557
31070;319.0835876;168.8328552
31071;319.1884155;168.6231537
31077;318.1533813;169.7097168
31078;318.1062622;169.7501678
31079;319.0004578;168.9990692
31080;319.0004883;168.999054
31081;319;168.9676666
31082;319;168.5214844
31083;319;168.2626038
31083;319;168.2781372
31083;319;168.5148773
31083;319;168.3863373
31084;318.983551;168.4967041
31087;319;169.328598
31087;318.570343;169.5846405
31090;313.1553955;175.8901672
31090;315.0802002;173.520462
31091;314.3197021;176.7245789
31091;311.4920349;177.9276123
31092;311.4793091;177.6223297
31093;311.2169495;176.3053894
31094;310.6636658;174.939743
31095;309.4105835;173.7429352
31096;308.6565552;173.025528
31099;304;171.2292175
31100;304;171.487915
31102;304;162.7252197
31103;304;-9999
32026;315;168
32027;315;168
32028;315.0879517;168
32029;319.7736206;169.1456757
32030;326.5450134;170.7466431
32031;328.0689392;171.0403137
32032;324.1276245;170.1710663
32033;326.7460022;170.862915
32034;333.2576904;172.1621246
32035;337.5672913;173.1289368
32036;340.2503052;174.0400848
32037;342.7305298;174.9469757
32038;346.1238098;175.7402649
32039;344.8118286;175.1900787
32040;332.1312256;174.4327545
32041;314.5189209;173.6329041
32042;310.9098511;171.9317322
32044;305.9010315;168.4344788
32045;304.8204651;167.4465942
32047;297.2399902;160.7051086
32056;315.9168701;175.8118591
32056;316.3448486;176.4380035
32057;317.8355103;176.3717041
32058;320.9403687;176.7482452
32070;318.9380188;169.4247589
32071;318.8094788;169.3826141
32072;318.705658;169.2478638
32078;316.832428;170.8253326
32078;316.2134399;171.3457947
32078;313.0184937;174.0370789
32078;312.6730347;174.3279877
32079;318.0762939;169.7778625
32080;319;169
32080;319;169
32081;319;169
32081;319;168.880188
32082;319;168.0823059
32083;319;168.3106689
32084;318.8787537;168.744278
32084;318.9666748;168.5252228
32085;318.7090149;169.0516205
32085;318.7817688;168.8876343
32087;318.4934998;169.6026611
32088;318.1253052;169.8856812
32089;317.9315796;170.0744629
32089;314.0614929;174.3184204
32090;310.3463135;178.4538269
32091;307.6878967;181.312088
32092;307.9723511;180.740097
32093;307.8562622;179.9430847
32094;307.3825989;178.9405823
32095;306.908905;177.6846008
32096;306.0315247;177.3184509
32097;304.6316223;176.8059082
32098;304;175.3073273
32099;304;175.3808899
32100;304;176.0305481
32101;304;177.7851563
32102;304;179.4675751
33026;315;168
33027;315;168
33028;315;168
33029;325.1382141;170.4331665
33030;333.0178528;172.3242798
33031;332.6385193;172.2162323
33032;334.9985352;172.9532928
33033;340.8102417;174.2215729
33034;347.3219299;175.5207977
33035;353.7573547;176.8084869
33036;356.5560608;177.7220612
33037;358.4664307;178.5335541
33038;358.0453186;178.9546967
33039;353.1846924;179.5054321
33040;337.4223022;179.7552948
33041;320.2225037;178.9225006
33042;312.8143311;176.6255951
33046;298.6885986;161.5419006
33047;297.0505981;161.1136475
33048;297.0767212;165.6956482
33056;316.59021;176.7637787
33057;318.3899841;177.6278992
33058;319.79422;177.1804352
33059;320.6383057;176.9487457
33069;319.0670471;171.2637329
33070;319.0108643;170.3039856
33071;318.9364319;169.5682678
33072;318.7539673;169.2068939
33077;308.3725891;177.9494019
33078;314.7357788;172.5909271
33078;315.5580444;171.8984985
33079;319;169
33080;319;169
33081;319;168.881012
33082;319;168.8454285
33082;319;168.3706512
33082;319;168.9977417
33083;319;168.4982605
33084;319;168.6663513
33087;316.0787964;172.1286621
33088;313.0776978;175.3840942
33089;307.9498291;180.8261719
33090;304.4332275;184.5539093
33091;304;183.918335
33092;304.358429;181.8971405
33093;304.3858948;182.6118469
33094;304.7145081;182.8110504
33095;305.0431213;181.6982269
33096;304.4337158;180.677948
33097;304;179.3374786
33098;304;177.708313
33099;304;178.4909058
33100;304;179.9628448
33101;304;181.4347839
33102;304;181.8226166
33105;304;-9999
34026;315.0058289;167.7142181
34026;315.0001831;167.9507294
34027;315.245697;168.0292511
34028;316.1723938;168.3867645
34029;323.1819763;170.155777
34030;335.3483276;173.2497711
34031;343.7781372;175.0669403
34032;348.3627625;176.2810364
34033;354.8744812;177.580246
34034;359.1653748;178.3940125
34035;359.6166687;178.3684998
34036;358.5901184;178.83255
34037;357.6509399;179.3490601
34038;357.2297974;179.7702026
34039;351.3653259;180.3502502
34040;334.8631287;181.24086
34041;318.5597839;183.7779083
34042;312.6370239;184.6368561
34047;297.5119934;161.0827179
34048;297.0117188;164.0261688
34049;296.9537659;178.4325714
34056;317.176239;178.2311096
34057;318.3664551;178.191803
34058;319.628418;177.8957214
34068;319.3651428;174.1175537
34069;319.0866699;172.2735596
34070;319;171.1819
34071;319.0023193;170.2994995
34073;322.1314392;166.3122101
34074;322.2627258;166.1969147
34076;304.638855;181.0935974
34076;305.3664856;180.480835
34077;307.1491089;178.9797058
34077;309.5318298;176.9731903
34078;319;169
34079;319;169
34080;319;169
34081;319;169
34082;319;169
34082;319;169
34082;319;168.9555664
34084;318.989624;169.0055237
34085;318.9342651;169.0526123
34087;313.7471619;174.6755524
34088;308.1245728;180.7736969
34088;310.5758057;178.1083221
34088;310.029541;178.7000122
34088;310.7134399;177.9677429
34089;304.1733093;183.3027191
34090;304;184.905777
34091;304;185
34092;304;183.7334137
34093;304;183.7689056
34094;304;184.4836121
34095;304;184.9149475
34096;304;183.8946838
34097;304;182.2655182
34098;304;180.6363373
34099;304;181.3919525
34100;304;182.6399078
34101;304;182.9678802
34102;304;183.3149414
34103;304;183.8898773
34104;304;183.7246094
34105;304;176.2682495
34106;304;169.5233002
35026;315.1575317;167.5780029
35027;316.6040955;168.6955872
35028;320.538208;169.660614
35029;324.4234924;170.6105499
35030;336.5163574;173.5313873
35031;353.756073;177.7026825
35032;359.2375183;178.9425201
35033;359.6887817;178.9170074
35034;360.1400757;178.8914795
35035;360.5913696;178.8659668
35036;359.6430969;179.3040924
35037;358.1508789;179.9223938
35038;356.6586914;180.5407104
35039;349.5797424;181.4852295
35040;333.5160217;186.1388397
35041;320.3789368;188.8404541
35042;312.8291931;187.0190277
35043;308.7793579;185.6204987
35056;316.7448425;179
35057;316.7623291;178.6700897
35058;318.7935181;178.4664307
35059;320.2115479;178.3389587
35067;319.6833191;176.3513184
35067;319.8583679;177.7932434
35068;319.4281006;174.4219208
35069;319.0629272;171.2844391
35070;319;169.8755188
35071;319;169.1982117
35072;320.7695618;167.4417877
35073;322.3770752;166.1053619
35074;323.1076965;165.4791107
35075;316.4331665;171.1007538
35076;302.7276611;182.6954193
35077;307.9601135;178.2967529
35078;319;168.7619629
35079;319;168.8218384
35080;319;168.8817139
35081;319;169
35086;313.9782104;174.4402771
35087;313.0527344;175.4332733
35088;307.6652527;181.2396698
35088;310.5264587;178.149826
35088;308.4608459;180.3429718
35088;310.6331787;178.0531311
35089;306.2684021;182.6576996
35090;304;185
35091;304;185
35092;304;185
35093;304;184.9259491
35094;304;184.6916809
35095;304;184.426651
35096;304;184.3377533
35097;304;184.2488556
35098;304;183.5643616
35099;304;183.8207703
35100;304;183.7643127
35101;304;183.6534424
35102;304;183.542572
35103;304;184.1211548
35104;304;184.7004089
35105;304;184.1204834
35106;304;183.500473
35107;304;173.2676239
35108;304;-9999
36026;315;168.0728455
36027;315.407959;168.394577
36028;319.2266235;169.2483063
36029;318.2959595;169.7977753
36030;326.6847839;172.0071564
36031;343.3545837;177.5151367
36032;344.3981018;185.4897308
36033;339.6269226;187.6819305
36034;341.3731384;187.1475067
36035;343.4888916;186.4210663
36036;360.8345032;179.0785065
36037;359.5122681;179.6739807
36038;356.7521362;180.7861786
36039;347.1679993;184.9572449
36040;331.5104065;190.7082825
36041;321.9691162;191.1959076
36042;315.4595032;189.0939026
36043;308.6181946;186.7848053
36044;305.7879028;184.4081116
36056;313.4124146;179
36057;315.7375488;179
36058;316.9281921;179
36059;320.0415039;178.8580627
36066;319.9859619;178.6246185
36067;319.9700928;177.3220825
36068;319.7848206;173.6920624
36069;318.796814;170.003067
36070;318.7397156;169.7324066
36071;319.1384277;168.9515228
36072;320.2225647;167.5865326
36073;322.0212097;166.3635712
36075;326.2778931;162.5355225
36076;316.2872314;170.5665588
36077;300.3544312;184.7015381
36078;316.4623718;170.4718323
36079;319;168.3309784
36080;319;168.7132111
36081;319;169
36081;319;168.9613342
36082;319;169
36082;319;169
36083;319;169
36083;319;169
36085;318.9663696;169.036438
36087;312.2972412;176.0598755
36087;312.1737671;176.3551025
36088;309.2510071;179.3293304
36089;306.2951355;182.563858
36090;304;185
36091;304;185
36092;304;185
36093;304;184.7248383
36094;304;184.2153778
36095;304;184
36096;304;184
36097;304;184
36098;304;184
36099;304;184
36100;304;183.9082489
36101;304;183.7973785
36102;304;183.6865082
36103;304;184.2608337
36104;304;184.278717
36105;304;183.8288269
36106;304;183.3966217
36107;304;180.2420654
36108;304;173.9574432
37027;315;168
37028;315;168.3088684
37029;315;168.6018066
37030;324.2698669;170.3754883
37031;326.9850464;178.6709595
37032;328.9124756;187.1237793
37033;326.7191162;193.3470612
37034;319.2000122;196.6888885
37035;328.0197754;192.7749786
37036;348.2928467;184.4459229
37037;354.9707031;181.5865326
37038;349.4333496;184.1110687
37039;340.9197388;187.961441
37040;328.2428894;192.8651428
37041;319.2771606;193.1086273
37042;312.4095459;191.535553
37043;308.1226196;188.9923706
37044;305.0125732;185.1618347
37045;301.70401;180.8694763
37046;298.6763916;177.749054
37057;303.4620361;179
37058;305.2524109;179
37063;320.0142212;178.4507294
37064;319.9825439;178.4967346
37065;319.9965515;178.9630127
37066;319.9997253;178.23909
37067;320;176.9788971
37068;319.3830872;173.0780945
37069;318.3643494;170.0083466
37070;317.4798889;170.0134888
37071;317.9157104;169.3487549
37075;324.5582886;161.9112549
37076;323.0878601;163.3467102
37077;302.9318237;180.7885742
37078;307.6410828;176.1096344
37079;313.1329041;171.806076
37080;315.4595337;170.6537323
37081;318.4922485;169.2256622
37082;319;169
37083;319;169
37085;317.9875488;169.7796478
37085;318.5266724;169.3594208
37086;315.4807129;171.7924652
37087;311.6957397;175.9539337
37087;312.9891663;174.2714539
37088;308.9049988;178.6647644
37089;305.820282;182.2216492
37090;304;185
37091;304;185
37092;304;184.950943
37093;304;184.5643311
37094;304;184.1011658
37095;304;184
37096;304;184
37097;304;184
37098;304;184
37099;304;184
37100;304;184
37101;304;183.9413147
37102;304;183.8304443
37103;304;184.4004974
37104;304;183.9221497
37105;304;183.4899445
37106;304;183.3164673
37107;304;182.3958588
37108;304;175.2919159
37109;304;-9999
38027;315;168
38028;315;168
38029;315;168
38030;314.9874268;169.9220428
38031;314.680603;178.8898315
38032;314.3737793;187.8576202
38033;314.4703979;196.7324219
38034;314;199
38035;318.2807007;197.2877197
38036;322.1480103;195.740799
38037;327.9904785;193.1499939
38038;334.2122498;190.4361725
38039;325.6500244;194.2383881
38040;320.2964478;196.3764801
38041;315.1800537;196.9497375
38042;311.2072144;194.2884827
38043;309.1588745;190.9037781
38044;306.1804504;186.9962616
38045;301.7181396;182.3303223
38046;297.9753113;178.1150818
38047;295.4906616;175.5343018
38048;295.3926086;176.4870453
38057;297.1775208;179
38058;299.0778503;179
38062;320.0005493;178.9783173
38063;320;179
38064;320;178.8047943
38065;319.750885;178.2520142
38066;319.7528992;177.3671417
38067;319.4042358;175.6069641
38068;318.2687073;172.0632935
38069;315.6819458;171.4234619
38075;321.5050659;161.9671631
38076;316.6811523;165.7727966
38077;300.5909424;179.3301239
38078;297.6878967;181.0657043
38079;304.5177307;176.0362244
38080;308.2151489;173.7538605
38081;313.2174683;171.825531
38082;318.9848633;169.0067291
38083;317.7617188;169.4127502
38084;316.1673584;169.9303894
38084;317.3908691;169.536377
38086;313.5543823;171.9567566
38087;311.8807983;173.3496094
38087;310.6094971;176.1884308
38087;311.5479431;174.7707214
38088;308.4095459;177.9438171
38088;309.0240784;175.6458282
38089;305.1910706;180.8728333
38090;304;183.0077515
38091;304;185
38092;304;184.7817688
38093;304;184.3951721
38094;304;184
38095;304;184
38096;304;184
38097;304;184
38098;304;184
38099;304;184
38100;304;184
38101;304;184
38102;304;183.9743958
38103;304;184.0154724
38104;304;183.7336731
38105;304;183.6778107
38106;304;183.6219635
38107;304;183.0997467
38108;304;177.9651642
38109;304;177.5821075
38110;304;175.5839233
39028;315;168
39029;315;168
39030;315;169.5132904
39031;314.896759;176.2228699
39032;314.5899353;185.1906586
39033;314.0869751;197.1736755
39034;314;199
39035;316.6711426;197.9315491
39036;319.3370972;196.8651733
39037;317.5212708;197.5914917
39038;315.2666321;198.4933472
39039;314;199
39040;314;199
39041;314;199
39042;313.4986877;198.1644592
39043;310.2249146;193.6691742
39044;305.8285217;188.1044922
39045;301.7910767;184.1611633
39046;297.7198486;179.8291016
39047;296.3213196;178.3061218
39048;295.6512756;177.4376373
39057;295.1319885;178.9884186
39058;299.3417053;178.6891479
39061;317.069397;179
39062;318.5248108;179
39063;320;178.7868347
39064;320;178.2159576
39065;319.7153625;177.5772858
39066;319.2337952;176.4777527
39067;318.9190979;174.766922
39074;307.4317322;171.140976
39075;310.1574707;169.2828522
39076;310.738739;168.1748199
39077;305.1627808;172.3818207
39078;297.0581055;178.3558502
39079;294.7671814;180.0011749
39080;301.6669617;176.6329498
39081;307.5657043;174.632019
39082;314.0965271;171.2099915
39083;315.818512;170.0605011
39084;314.7081604;170.3837433
39085;314.5566711;170.0348511
39086;313.4306946;170.3928528
39087;310.1889343;173.3672791
39088;306.6872864;174.9579926
39089;304.1746826;179.6447601
39091;304;184.0439911
39092;304;184.8934326
39093;304;184.5400391
39094;304;184.1192627
39095;304;184
39096;304;184
39097;304;184
39098;304;184
39099;304;184
39100;304;184
39101;304;184.164505
39102;304;184.0824127
39103;304;184.1179962
39104;304;184.0486298
39105;304;183.9833069
39106;304;183.9274597
39107;304;183.8036499
39108;304;180.9209595
39109;304;180.1872864
39110;304;181.3859406
39111;304;177.5704803
40028;315;168
40029;315;168
40030;314.7218933;170.0745697
40031;315;174.8082428
40032;314.7258911;183.7561493
40033;314.1322327;196.2234344
40034;314;199
40035;314;199
40036;315.3854065;198.4458313
40037;315.1491699;198.540329
40038;314;199
40039;314;199
40040;314;199
40041;314;199
40042;312.5740662;197.777771
40043;309.6183472;194.6930084
40044;305.3771057;189.361557
40045;301.2267151;184.9080505
40046;297.26651;180.6466675
40047;295.1413879;179.5347137
40048;294.7679749;178.8747406
40057;296.316803;178.6642914
40058;300.918335;178.0054779
40060;317.2906494;178.2573853
40060;318.1279297;178.1517029
40061;320;178.9343872
40062;320;178.6689453
40063;320;178.3881531
40064;319.5991211;178.0452118
40065;319.0142517;177.4963837
40066;318.8368225;176.7133026
40072;295.3469543;180.167923
40073;295.5279236;179.0525665
40074;299.8652344;176.8618774
40075;301.0388794;175.1485138
40076;301.2287292;174.4128571
40077;297.7654724;176.8907318
40078;290.0973816;182.1350555
40079;288.7876587;182.1140442
40080;293.8886719;179.0429993
40081;301.3763428;176.0107574
40082;306.7932129;172.9815369
40083;311.2276001;171.547348
40084;313.1476135;170.4647827
40085;313.0087891;170.1893921
40086;311.7130737;170.3323212
40087;308.1621094;172.0137787
40088;303.6387939;174.4965973
40089;301.3732605;178.2036133
40090;302.5065918;180.8258362
40091;303.2670288;183.0452271
40091;304;184.0906067
40091;303.2982788;182.1424713
40092;303.8071899;184.3949127
40093;304;184.7596893
40094;304;184.3162689
40095;304;184
40096;304;184
40097;304;184.3553772
40098;304;184.8987885
40099;304;184.6821289
40100;304;184.4346924
40101;304;184.1872559
40102;304;184.0693512
40103;304;184.3544922
40104;304;184.4280243
40105;304;184.3586578
40106;304;184.2893066
40107;304;184.18396
40108;304;183.8767548
40109;304;182.7924805
40110;304;183.9911346
40111;304;184
40112;304;179.5570374
41028;314.774292;168.4513855
41029;314.433075;168.6074982
41030;313.7996216;172.5592041
41031;314.1125793;176.6039276
41032;314.1957397;181.6416473
41033;314.2781982;193.1577301
41034;314;199
41035;313.5357361;198.6190796
41036;313.4500427;198.5487671
41037;313.8862915;198.9436646
41038;314;198.5684814
41039;314;198.6160583
41040;314;198.9684296
41041;312.4146729;197.6411591
41042;310.3299866;195.8542938
41043;307.8515015;193.4806061
41044;304.3676453;189.608902
41045;300.7055969;185.4767761
41046;296.806366;180.9643402
41047;294;178.3020172
41048;294;178.3423309
41049;294.0036316;178.2358704
41051;294.4880981;178.1703644
41051;294.6146545;178.1416168
41051;295.3116455;178.123764
41052;296.6146545;178.5417328
41053;296.0092468;178.3250275
41053;298.8240051;178.9985657
41054;295.3577576;178.8586273
41060;316.8872986;177.6315765
41061;320;178.9802856
41062;320;178.5363464
41063;320;177.8464661
41064;318.9886169;178.1847992
41065;317.9629517;178.2297516
41069;301.9276733;179.9578552
41070;300.3110657;180.3105621
41070;298.4143066;181.0627747
41071;296.5193176;181.0950623
41072;293.5327148;181.6342621
41073;291.7938538;181.874588
41074;289.6655579;182.3344421
41075;290.397522;181.9984131
41076;289.885437;182.0622711
41077;289.5129395;182.0854797
41078;287.1555176;182.5301208
41079;285.7300415;181.4533997
41080;288.4335632;180.1615295
41081;295.617981;176.6536255
41082;302.6010742;173.0751648
41083;306.9039612;171.5073395
41084;307.9696045;171.9783173
41085;308.8419189;171.85112
41086;307.8745422;171.2166138
41087;305.1141052;171.968811
41088;300.3925781;175.1164246
41089;298.9753113;178.2657776
41090;301.131073;180.8076324
41091;302.6802368;182.6002045
41091;302.4143677;181.8475647
41092;303.0462036;183.5405884
41093;303.4161682;184.569519
41094;303.7451782;184.9942169
41095;303.8476868;184.3193207
41096;303.621521;184.8951569
41097;303.3755188;185.4907227
41098;304;185.1699982
41099;304;184.5395355
41100;304;184.2920837
41101;304;184.0446472
41102;304;184.2336731
41103;304;184.5188141
41104;304;184.8039398
41105;304;184.7380524
41106;304;184.620575
41107;304;184.4997253
41108;304;184.3355255
41109;304;184.0207062
41110;304;184
41111;304;184
41112;304;184
41113;304;181.5435944
42028;314.1192322;169.7113342
42028;313.8278198;170.3422852
42029;313.7818298;170.2815552
42030;312.8619385;174.0279694
42031;312.8247986;177.7450714
42032;312.826355;181.3424072
42033;313.1621094;191.0909271
42034;313.443512;198.4709473
42035;312.8535767;198.0593872
42036;312.6031799;197.8539429
42037;313.0186768;198.5228119
42038;313.7292175;198.4750824
42039;313.5293274;198.0775757
42040;312.8522949;198.0253906
42041;310.1981201;196.9420013
42042;307.9756775;195.5610352
42043;305.1552429;192.1902924
42044;301.2564697;188.0680542
42045;297.3614807;183.73172
42046;294.6722107;180.2993011
42047;293.3670959;179.4702148
42048;293.2160034;179.7627563
42049;294;178.0861511
42050;294.001709;178.5079803
42051;294;178.2554169
42052;294.6927185;178.0764313
42053;294.5507202;178.0060577
42054;294;178.1876678
42055;294;176.2325134
42056;294;174.5117645
42059;309.3008118;174.9363556
42060;314.5144348;176.6605072
42061;319.9446411;178.974762
42062;320;177.9148102
42063;315.5995483;176.497757
42064;318.0879517;177.7415161
42065;317.6990051;178.7547607
42068;302.9852295;181.6466522
42069;300.5034485;182
42070;296.9414673;182.1166687
42070;299.0874634;181.1699371
42071;293.1492004;183.1316833
42072;289.7432861;183.931366
42073;289;183.874176
42074;289;183.0352325
42075;289;183
42076;289.2637329;182.7362823
42077;288.1025085;182.6956329
42078;285.9535828;182.1261444
42079;284.3713074;181.6026001
42080;283.0596619;180.8236084
42081;289.4322815;177.2838593
42082;295.421936;175.0555573
42083;300.1528625;173.4730682
42084;301.9526062;174.0397491
42085;300.6042175;173.8051758
42086;299.0467529;173.317749
42087;295.0308228;173.8615417
42088;294.6044006;175.9228363
42089;295.0877686;177.4470673
42094;303.4246521;185.4295654
42094;303.2527771;185.7099762
42095;303.1422119;185.4023743
42096;302.7831726;185.9678192
42097;303.1571655;186.0748901
42098;304;185.6362305
42099;304;184.9745941
42100;304;184.3129425
42101;304;184.1128693
42102;304;184.3633423
42103;304;184.6001892
42104;304;185.0967102
42105;304;185.0175629
42106;304;184.9363403
42107;304;184.8154907
42108;304;184.6856689
42109;304;184.3006897
42110;304;184
42111;304;184
42112;304;184
42113;304;184
42114;304;183.5301514
43028;312.0357666;173.9284973
43028;313.2090454;171.5818787
43029;312.8760071;171.4017792
43030;311.9390259;173.2473145
43031;311.5592957;176.5209656
43032;311.615448;180.8013763
43033;311.5648804;189.0452118
43034;311.4791565;195.9023285
43035;311.7732239;196.8349304
43036;311.9138489;197.3417206
43037;312.3195496;198.1837616
43038;313.5751343;198.7869415
43039;313.1212158;198.4938507
43040;310.303772;196.9811096
43041;307.5244751;195.5433044
43042;305.0111389;194.0610504
43043;301.5694275;190.6707001
43044;298.125824;186.5210724
43045;295.5227356;183.3180847
43046;293.7201233;182.6241608
43047;292.6700134;181.9370728
43048;292.2409058;181.4954224
43049;294;178.0741119
43050;293.5646057;179.6679993
43051;294;178.0101624
43052;293.7754822;178.3187408
43053;294;177.604126
43054;294;176.9153442
43055;294;172.8970337
43056;294;170.5544281
43057;295.2263184;169.4642334
43057;294;169.6333008
43058;299.3892822;170.8969574
43059;303.8354187;172.7819061
43060;310.8953857;175.6039581
43061;307.9840088;173.954895
43062;299.6296387;173.7195892
43063;303.540802;174.463913
43064;313.0538635;176.1100922
43067;303.7928467;181.4194183
43067;305.4608154;181.0821228
43068;302.6893616;181.8298492
43069;299.5854492;182
43070;296.0130615;182
43071;292.3045959;182.9727478
43072;289.8002319;183.0291138
43073;289;183
43074;289;183
43075;289;183
43076;289;183
43077;287.1217957;182.3739319
43078;284.5595703;181.2797852
43079;282.7066956;180.758255
43080;282.2077026;180.4955292
43081;283.5332947;179.7831573
43082;289.5027771;177.3676758
43083;294.4908752;175.5823212
43084;295.9429016;175.968338
43085;294.3904724;175.7900696
43086;290.4029236;176.3239441
43087;287.6686401;177.1840057
43088;287.3818054;178.360321
43088;289.2841492;176.5554504
43095;302.3943481;186.2808838
43096;302.1384277;186.6505585
43097;303.0214844;186.6378937
43098;303.9384766;186.102478
43099;303.6917419;185.4408417
43100;303.0466309;185.1275024
43101;303.782074;184.3639832
43102;304;184.4529572
43103;304;185.2011566
43104;304;185.3309784
43105;304;185.1144714
43106;304;185.0773773
43107;304;185.0402832
43108;304;185.0031891
43109;304;184.580658
43110;304;184.0254211
43111;304;184
43112;304;184
43113;304;184
43114;304;184
43115;304;184
44028;311.3187866;175.3624573
44029;312.1274109;173.1087799
44030;311.0015564;173.7715302
44031;310.2765808;175.8096771
44032;310.5514526;180.5506592
44033;310.503479;188.4560242
44034;310.2290344;193.727005
44035;310.474823;194.9095612
44041;304.0137939;194.1361694
44042;301.7395325;192.9548035
44043;299.0347595;189.6530762
44044;296.0109863;185.8149261
44045;294.1036987;185.3634491
44046;292.3547058;184.780426
44047;291.1051941;184.4534302
44048;291.1364746;183.8271637
44049;292.3825684;181.2348328
44050;292.2705994;182.0342255
44051;292.1775208;182.3384857
44052;292.3351135;179.8431854
44053;293.1893311;177.4995422
44054;294;174.29245
44055;294;170.5418549
44056;294;168.8665009
44057;294;168.8972778
44058;295.7936401;168.8452148
44059;298.7261658;170.5118103
44060;297.3392944;169.6086273
44061;294.2602844;168
44062;295.2790222;168.4393616
44063;296.9945984;168.9838867
44063;297.2153015;168.8209381
44066;303.0203857;177.5202179
44067;301.89151;180.3174591
44067;303.4590149;181.2410278
44068;300.9527893;181.9275818
44069;297.5198975;182
44070;293.8711243;182.3404236
44071;290.7962036;183
44072;289;183
44073;289;183
44074;289;183
44075;288.960144;182.9734192
44076;287.7884827;182.1923218
44077;286.4700928;182.0532379
44078;283.1889648;180.5944824
44079;280.8247375;180.1457825
44080;280.2382202;180
44081;280.2720032;178.8985596
44082;284.7278137;176.9586182
44083;288.3518677;176.7986298
44084;289.6980896;177.6496735
44085;288.9562073;178.3967896
44086;286.2093811;178.9616852
44087;286.2886047;180.0228271
44088;286.7920837;180.6634216
44096;301.4224854;187.0251923
44097;301.5321655;187.1484222
44098;302.2391357;186.5685577
44099;302.237854;186.3699646
44100;302.2301331;186.269577
44101;303.0865479;185.6151886
44102;304;185.3551788
44103;304;185.7357941
44104;304;185.5051422
44105;304;185.2744904
44106;304;185.1743011
44107;303.9965515;185.1361694
44108;303.9847717;185.037674
44109;304;184.7041168
44110;304;184.3054047
44111;304;184
44112;304;184
44113;303.9665222;184.0352173
44114;303.8630981;184.1440277
44115;303.7597046;-9999
45030;309.960968;174.5066986
45031;309.378479;175.1268921
45041;299.1261902;192.3571472
45041;301.3765259;193.1365051
45042;298.9093323;192.4281769
45043;296.5952759;189.7653351
45044;294.6613159;187.9421082
45045;292.7301331;187.3881989
45046;291.3268127;187.0345154
45047;290.2028809;186.9341736
45048;290.124176;186.2639313
45049;290.248291;185.5270844
45050;290.5741272;185.384079
45051;290.5056458;185.6245575
45052;290.5054932;184.0827637
45053;291.627533;181.6364594
45054;292.9007263;175.8814697
45055;294;169.7987823
45056;294;168.8117828
45057;294;168.5029144
45058;294;168.2069397
45059;294;168
45060;296.1447144;168
45061;294;168
45062;294.1751099;168.0437775
45063;295.9845581;168.5348816
45065;301.2509766;174.242157
45066;300.8992004;177.8217316
45066;299.1120605;178.20401
45067;299.9373779;180.1161194
45068;298.3197937;181.4650116
45069;295.2945251;182.3148956
45070;291.7060852;182.7859497
45071;287.3862305;183
45072;285.5259399;183
45073;288.9356384;183
45074;289;183
45075;289;182.9313202
45076;287.0486755;181.4995422
45077;283.8024597;179.927536
45078;280.9360352;178.9249115
45079;277.9511414;178.9755707
45080;277.4726563;178.7363281
45081;277.108551;178.7409821
45082;278.8338318;178
45083;282.0681152;178.5022888
45084;283.02948;179.7040405
45085;283.1109314;180.7671356
45086;283.6904907;181.9524994
45087;283.7268982;182.0128021
45088;283.2396851;182.5100098
45089;283.4060364;181.3921814
45098;301.1021118;187.0772858
45099;301.1373901;187.2881775
45100;301.4988098;187.250061
45101;302.4029846;186.8927002
45102;302.8016968;186.7520752
45103;303.9217224;185.967041
45104;304;185.5231628
45105;304;185.3874969
45106;303.9840393;185.2465363
45107;303.9411316;185.2163239
45108;304;184.9689026
45109;304;184.6639557
45110;304;184.3032684
45111;303.9236145;184.1169128
45112;303.7854614;184.2257233
45113;303.6820679;184.3345337
45114;303.5786438;-9999
45115;303.4752197;-9999
46041;297.8814392;191.9166565
46042;295.6464233;191.2023773
46043;293.629364;189.497406
46044;292.2571106;188
46045;291.5853271;187.759613
46046;290.6083069;187.4303436
46047;290.0723877;187.4529572
46048;289.4967957;187.4147644
46049;289.5345154;186.8970184
46050;289.250885;187.0440979
46051;289.0006409;187.5597992
46052;289;188
46053;290.0452576;184.8193512
46054;291.3598328;178.5192719
46055;292.1515503;171.1929016
46056;290.3545532;174.1148529
46057;294;168.1071167
46058;294;168
46059;294;168
46060;294;168
46061;294;168
46062;294;168
46063;294;168
46063;294.2758179;168.1541748
46064;294.1573181;168
46065;297.2417297;171.3591156
46066;296.7244568;175.9315338
46067;296.2564392;179.7531433
46068;295.0009155;181.2989655
46069;291.8490906;182.3262177
46070;288.0636902;182.8306122
46071;283.254425;183
46072;281.7295532;183
46073;285.6502991;183
46074;289;183
46075;288.9922485;182.9948273
46076;285.2889099;180.3884583
46077;280.5424805;177.3616486
46078;277.5247803;176.3650208
46079;275.8651733;178.1348267
46080;275.6699524;179.4355316
46081;275.222229;178.4577789
46082;275.0111084;178
46083;277.3937683;179.5810089
46084;280.0616455;181
46085;282.868988;184.8698425
46086;279.0558472;186.2839508
46087;279.2303162;184.6363525
46088;279.6088867;183.2466431
46089;280.9039612;182.0118408
46107;303.8975525;185.2637634
46108;304;184.9352875
46109;303.9963684;184.7003784
46110;303.990448;184.4933014
46111;303.817688;184.4162292
46112;303.4964905;184.5250397
46113;303.4172363;-9999
46114;303.2941895;-9999
46115;303.1907654;-9999
46116;302.6108704;-9999
47042;291.2038269;189.2288666
47042;293.18927;190.2881775
47043;290.6546021;188.3343201
47044;290.1483765;188
47045;289.8910828;188
47046;289.3536072;187.8633118
47047;289.1604309;187.9379883
47048;288.9419861;188.1624298
47049;288.7287598;187.7877197
47050;288.2627869;187.636673
47051;287.8703308;187.4491882
47052;288.7117004;188.2368011
47053;275.6091919;198.265686
47054;277.5138855;193.8047638
47055;280.4650574;185.9627686
47056;273.8617859;193.17276
47057;275.6333923;190.9582672
47058;292.1097412;168
47059;294;168
47060;294;168
47061;294;168
47062;294;168.8878784
47063;294;169.5393677
47064;294;168
47065;292.7023315;171.5329742
47066;292.0015259;179.1924133
47067;291.9126892;181.8509979
47068;291.1278381;182
47069;288.1412964;182.9029846
47070;283.7188416;183.9011078
47071;279.4207764;183
47072;277.5170593;183
47073;282.2885742;183
47074;286.3900757;183
47075;286.0098572;183.3005524
47076;282.8613281;180.2119904
47077;278.4431763;181.9749756
47078;274.6452942;176.3032532
47079;274.6914978;178.8190613
47080;274.8696899;182.609024
47081;274.4913025;178.6422119
47082;274;178.8244019
47083;274.4692383;179.5307617
47084;274.7562866;179.8722992
47085;274.5571594;179.4244537
47086;274.2333984;182.1498718
47087;274.9469604;184.1038361
47088;275.9767151;184.4666443
47089;275.2880859;183.7948761
47109;303.986145;184.8235168
47110;303.9915466;184.7084351
47111;303.711792;184.7155304
47112;303.382843;185.7376556
47113;303.1137085;-9999
47114;303.0593567;-9999
47115;303;-9999
47116;302.5969543;-9999
48042;289.5382996;188.2132568
48043;289.4281921;188
48044;288.9892578;188.8203278
48045;288.6208496;188.7714844
48046;287.4038086;192.4693146
48047;287.0616455;193.4274292
48048;287.4632874;193.3516998
48049;287.6567993;187.9481049
48050;284.8190308;186.2916718
48051;284.3555298;185.8797913
48052;284.5443726;195.4236145
48053;264.8674011;205.6988525
48054;261.8798218;210.2667847
48055;259;212.8279877
48056;259;213
48057;260.2299194;211.2781219
48058;267.6236572;203.3622742
48059;287.0897522;177.4094391
48060;287.8185425;168.5665283
48061;294;168
48062;290.3877258;175.782547
48063;285.8292236;176.9513397
48064;284.5860901;178.1727753
48065;281.2891235;182.643631
48066;284.8005066;184.9993896
48067;284.0185547;186.8686829
48068;281.8536682;188.4880676
48069;278.6544189;190.2749329
48070;275.6771851;192.4552917
48071;273.6506042;190.3425903
48072;272.878479;183
48073;277.8534851;183
48074;279.7539673;186.4124298
48075;277.7325134;195.81987
48076;277.3936157;198.7105103
48077;275.9471741;197.9097443
48078;274.2589111;181.5178375
48079;273.9919128;181.9505005
48080;273.4733887;180.6477051
48081;272.8333435;176.5568695
48082;272.2374268;184.1999664
48083;271.5581665;187.2089844
48084;274;182.9105072
48085;274;180.1261292
48086;274.0564575;177.7608795
48087;275;181.1672668
48088;274.2471924;183.627182
48089;272.920166;184.8635864
48110;303.5132751;184.9168701
48111;303.099762;185.9345398
48112;302.8295593;-9999
48113;302.6582947;-9999
48114;303;-9999
48115;303;-9999
48116;302;-9999
49041;289.7393494;188.2099609
49042;289;188
49043;289;188
49044;288.2279663;189.5440979
49045;286.9958496;193.1233368
49046;285.4446411;197.8677216
49047;285.1898499;199.1630402
49048;285.7834778;195.5927734
49049;283.9085388;189.1427765
49050;280.8137817;186.3980103
49051;279.9134521;184.5675507
49052;280.4997559;191.4028931
49053;272.6644897;194.5901337
49054;261.039093;210.281189
49055;259;213
49056;259;212.6691742
49057;259;213
49058;259;213
49059;266.259491;202.1014252
49060;278.0237732;189.682251
49061;283.6072083;182.6280518
49062;278.4997253;185.1379852
49063;272.2298279;192.5035095
49064;271.4786377;193.1278229
49065;270;194.9838562
49066;275.5455627;192.3536072
49067;274.9197388;193.3419647
49068;271.7981567;196.4800568
49069;269.2981567;198
49070;267.5811157;199.3629761
49071;266.5825195;198.6374359
49072;267.5962219;192.566925
49073;270.2286072;189.743576
49074;273.7961731;189.7964325
49075;267.9362488;202.3697357
49076;269.3071899;198.6220856
49077;272.1948547;188.6163635
49078;274.2654724;179.5836029
49079;272.3594971;178.4512939
49080;271.004364;180.995636
49081;269.366394;183.778183
49082;267.1922913;192.7111511
49083;266.9582214;197.7709351
49084;273.1904602;184.0962067
49085;274.0857239;183.5371246
49086;276.0318604;182.0920868
49087;274.3417358;183.4142914
49088;270.8510132;184.5753632
49089;270.2046814;185.9777069
49090;271.5614929;187.156662
49110;302.2740784;186.5309906
49111;302.3377686;-9999
49112;302.1433411;-9999
49113;302.1237488;-9999
49114;301.8789673;-9999
49115;302;-9999
49116;302;-9999
50041;289.3551331;188.0254669
50042;289;188
50043;289;188
50044;287.9885559;190.4687195
50045;285.9583435;196.5835114
50046;284.3272705;201.359726
50047;284;202.1345978
50048;283.3516541;196.6862488
50049;281.302887;188.6656799
50050;279;186.5133057
50051;279;184.3609467
50052;279;183
50053;278.8694458;183.1958466
50054;269.463562;197.3046722
50055;259.8210144;211.3580017
50056;259;213
50057;259;213
50058;259;213
50059;267.4319153;197.6488495
50060;271.6468506;193.8237915
50061;268.9406433;195.2910614
50062;268.1319885;196.620697
50063;268.7518005;197
50064;268;197
50065;268;197
50066;268;197
50067;267.3970337;195.960144
50068;265.8338013;194.2202911
50069;263.7512207;193.4862061
50070;261.8769836;197.1064301
50071;260.9121704;199.6206055
50072;263.9607239;194.568573
50073;267.2163086;190.059494
50074;268.4111938;193.4863434
50075;266.1457825;195.5920258
50076;265.7126465;185.3422699
50077;272.4594727;175.2702637
50078;274.8643188;173.1827393
50079;272.4664917;178.2033386
50080;270.8547363;180.7734375
50081;269;180.4421387
50082;268.2145386;187.2122498
50083;268.4875488;186.2820435
50084;268.2121277;184.7545776
50085;266.5872803;186.7939301
50086;273.1254272;184.755722
50087;274.6170044;184.8105011
50088;270.7406311;186.6384735
50089;267.7723083;188.523819
50090;269.8947449;188.2089233
50090;269.4640503;188.5887299
50095;283.0329895;196.9273376
50096;283.7766724;198.6407318
50097;284.6962891;199.575058
50109;301.5065613;188.2889557
50110;302;-9999
50111;301.9253845;-9999
50112;301.3840027;-9999
50113;301;-9999
50114;301.4324951;-9999
50115;302;-9999
50116;302;-9999
51040;289.1259766;188
51041;289.0263977;188
51042;289;188
51043;289;188
51044;287.3391418;192.9165802
51045;285.2276306;199.2755585
51046;284.2991943;201.5707703
51047;284;202.5528259
51048;282.0746765;194.9540558
51049;280.1199036;186.6734161
51050;279;183
51051;279;183
51052;279;183
51053;279;183
51054;278.7300415;185.8664246
51055;273.4445801;191.3575287
51056;266.5157776;200.0252533
51057;261.1455994;209.5327911
51058;262.7164307;207.0949707
51059;268.7721863;198.8789215
51060;270.8739929;197.5717621
51061;271.2066345;197.9442749
51062;272.1245728;198
51063;270.7191772;197.3595886
51064;268.3166809;197
51065;268;197
51066;268;197
51067;267.3754883;195.8087311
51068;265.2956543;184.1915283
51069;260.3575745;184.2147675
51070;257.7518311;191.2375031
51071;260.0509033;196.2580109
51072;264.9414673;192.7376556
51073;267.4578552;187.5168915
51074;266.1221008;195.3916779
51075;266.9093323;197.6887207
51076;267.4823608;193.7919464
51077;272.1217957;179.7571869
51078;275;177.6726227
51079;274;179.9762268
51080;272.3370056;181.6609955
51081;269;179.8653412
51082;269;179.9803162
51083;269;181.2707672
51084;266.2555237;176.7710724
51085;267.3483276;175.0320892
51086;272.9992371;183.5634003
51087;270.7825012;186.7969208
51088;267.4116211;189.1709747
51089;264.7227478;191.3770447
51090;265.3310852;193.1390686
51094;274.7811584;200.1171112
51095;278.5261536;201.4368744
51096;281.6154785;201
51097;283.6246338;202.0139313
51098;285.8236084;201.6339264
51105;300.1030884;193.9407349
51106;300.0661621;192.5560303
51107;300.3539734;190.8259125
51108;300.7797241;189.9177246
51109;301.0003662;190.8441772
51110;300.3912659;-9999
51111;300.5481567;-9999
51112;301;-9999
51113;300.6273804;-9999
51114;301;-9999
51115;301.073761;-9999
51116;301.4086304;-9999
52040;288.9964294;188
52041;289;188
52042;289;188
52043;288.7872009;187.5805664
52044;288.2602844;188.5402527
52045;286.5421753;193.6010742
52046;284.2281799;198.922821
52047;283.3482666;200.4546509
52048;281.1456604;191.7866058
52049;279;183.3322601
52050;279;183
52051;279;183
52052;279;183
52053;279;183
52054;278.3524475;183.6475372
52055;277.6980591;184.431015
52056;272.0595703;191.9053802
52057;267;198
52058;267;198
52059;269.5960083;198
52060;273.14151;198
52061;274;198
52062;273.4870911;198
52063;271.9397888;197.6528015
52064;269.9150391;197
52065;267.399353;196.6996765
52066;268;197
52067;268;197
52068;266.0689697;192.8231049
52069;254.6685028;187.0400543
52070;252.5301361;188.4080353
52071;258.0364075;193.2374573
52072;260.0827942;190.5557709
52073;263.2743225;190.7421112
52074;264.4820251;197.2100677
52075;264.0476379;201.0479584
52076;268.0856628;200.5016327
52077;270.7671509;188.2812653
52078;274.7770691;176.5109406
52079;273.6699219;175.8230133
52080;272.010437;180.1089172
52081;269;181.9836578
52082;269;180.2964935
52083;269;179.335907
52084;268.4221497;177.1786499
52085;268.7656555;179.524353
52086;269.4994507;186.5005341
52087;268.0079956;189.1230011
52088;266.2225952;191.641922
52089;264.5979919;193.8233032
52090;264.1061096;195.6737061
52094;273.1343689;201.5816345
52095;275.2615356;203.5363617
52096;277.3613892;202.993576
52097;280.5467834;203.9483643
52098;284.7962646;203.4115143
52099;287.6994324;202.7307129
52101;294.7012939;200.3216705
52102;297.8111572;200.0208435
52102;295.9029236;200.1060944
52103;299.5404358;197.6893463
52104;300;197.1023254
52105;300.0093994;195.2019501
52106;299.7173157;193.0202637
52107;299.6437683;191.559845
52108;299.933197;192.0315094
52109;299.7986755;-9999
52110;300;-9999
52111;299.9716797;-9999
52112;299.9497375;-9999
52113;300;-9999
52114;300.3152161;-9999
52115;300.9977722;-9999
52116;301;-9999
53037;290.9566345;188.7951813
53038;289.9589539;189.0136261
53039;289.176239;188.6186676
53040;288.9484253;188.4648438
53041;288.9618835;188.2364349
53042;288.2362366;187.5775909
53043;286.4335327;186.7533264
53044;284.7003174;185.6800842
53045;283.2673645;189.4738617
53046;283.4789124;195.4266663
53047;281.564209;193.9337921
53048;279.8301697;187.1312408
53049;279.1065979;183.8368073
53050;279.847168;184.9976501
53051;279.2864685;183.644516
53052;279;183
53053;279;183
53054;278.8504944;183.2762451
53055;278.7487488;183.6818237
53056;273.5050049;189.8765106
53057;267;198
53058;267.3666992;198
53059;269.8397522;198
53060;273.6764221;198
53061;274;198
53062;274;198
53063;271.9863586;197.5705109
53064;266.4214478;196.1067657
53065;258.1337891;193.170517
53066;259.8778076;194.35112
53067;263.3731384;195.2376404
53068;260.7396851;193.9658813
53069;248.8709717;188.910553
53070;243.7962799;187.0444794
53071;247.6456604;187.9291382
53072;251.5142212;187.8556061
53073;255.3973694;191.5397339
53074;258.5950928;197.3850708
53075;260.5011292;203.7633209
53076;260.7787476;200.9478149
53077;265.4707642;191.2115479
53078;272.9021912;178.6490631
53079;274.1679993;179.9645386
53080;273.2626038;182.1650391
53081;271.3177795;183.5463104
53082;269.0978394;183.7826691
53083;269;182.5399323
53084;270.9136047;182.2608185
53085;272.5804749;184.7611389
53086;270.2174988;187.7944794
53087;269.108429;191.0409088
53088;266.9464417;193.7528229
53089;265.075531;196.2044525
53090;262.3242798;198.2801208
53091;260.1547241;200.7464752
53092;260.1250305;202.6048431
53093;262.7906189;203.249054
53094;266.07547;203.8847656
53095;271.0974731;204.4620514
53096;272.511261;205.1323547
53097;275.3088684;205.036911
53098;280.7710876;204.296936
53098;284.8440247;203.9056702
53099;287.1731262;203.5798035
53100;290.3726196;202.6175995
53100;289.2635803;202.506134
53100;288.6860657;203.499588
53100;288.2752075;203.6202698
53101;292.8334961;201.2247772
53102;296.0699158;200.3908539
53103;298.7790833;198.6969604
53104;299.918335;196.8366852
53105;299.4568787;195.3530579
53106;299.3432312;193.734314
53107;299.2636719;193.0578003
53108;299.1189575;-9999
53109;299.1681213;-9999
53110;299.3274231;-9999
53111;299.42276;-9999
53112;299.4923706;-9999
53113;299.5267639;-9999
53114;299.6500854;-9999
53115;300.1678772;-9999
53116;301.025177;-9999
54037;290.5910034;190.1743164
54038;290.019989;189.7729187
54039;289.2634583;189.7741852
54040;288.9464111;189.1241302
54041;288.1743469;188.1222076
54042;286.6290894;186.8937378
54043;284.3210754;186.0602264
54044;282.0620728;185.1474457
54045;282.437439;190.3898163
54046;282.9691467;197.7266693
54047;280.0879822;189.6314697
54048;280.235321;186.3021698
54049;281.2475586;188.2669525
54050;281.6520996;189.0951843
54051;280.4578857;188.1164703
54052;276.8213501;186.7216187
54053;277.7734375;183.986496
54054;279.6905212;184.1907806
54055;277.7236023;184.0676727
54056;271.7685242;192.2266998
54057;267.8706665;197.1293488
54058;267.6743164;198
54059;270.1331177;198
54060;273.474884;198
54061;274;198
54062;273.8417664;197.9472504
54063;265.0575867;195.0191956
54064;257.3127136;192.3381348
54065;249.865448;189.4663544
54066;247.954895;188.7705841
54067;250.2314758;190.1713715
54068;251.4393463;190.3510895
54069;245.4553223;187.8184357
54070;243;187
54071;243;187
54072;245.2679443;187
54073;248.4625549;189.203537
54074;250.2067261;193.2714996
54075;251.9959259;195.9959259
54076;253.2989044;193.8600922
54077;261.228302;192.1455383
54078;268.699707;186.6861115
54079;273.3794861;187.3292999
54080;268.5401306;190.0645142
54081;267.5909424;190.958252
54082;267.3885498;191.3274536
54083;268.1517029;186.6635895
54084;269.668396;184.4166718
54085;270.609314;187.3864594
54086;269.006897;190.2011719
54087;266.8597717;193.3387299
54088;265.4167786;196.0697937
54089;263.6193848;198.3806305
54090;261.7244873;200.019043
54091;257.8868408;201.8570404
54092;257.7377625;203.2894287
54092;257.6719666;202.6454163
54093;260.5225525;204.1079865
54094;264.3940125;204.8265686
54095;266.2070618;205.1236877
54096;264.6513672;206.4593048
54097;267.6756592;206.9367371
54097;268.2736511;206.300766
54097;264.2610474;207.189743
54101;291.2460022;201.8208313
54102;294.3512268;200.7464447
54103;297.4614563;198.9065704
54104;299;197.0966797
54105;299;195.2217407
54106;299;194.0840759
54107;299;-9999
54108;299;-9999
54109;299;-9999
54110;299;-9999
54111;299;-9999
54112;299;-9999
54113;299;-9999
54114;299.2098083;-9999
54115;299.6466064;-9999
55037;290.5709229;190.6136932
55039;288.9625549;190.6975555
55040;288.543335;190.5407562
55042;283.9662476;186.3344421
55043;282.0196838;185.5181122
55044;280.4246826;185.6991882
55045;281.4544983;191.8784943
55046;282.8127441;198.7125854
55047;283.6032104;202.3473206
55048;285.2874146;199.8723907
55049;283.9506836;197.4834137
55050;283.7304382;196.1618347
55051;279.5137329;190.4919891
55052;275.8425903;191.6911621
55053;279.693634;193.9901428
55054;278.8629761;191.6194611
55055;271.7902527;192.2062225
55056;267;198
55057;267.2017822;198
55058;268.6085205;198
55059;272.1707458;198
55060;273.411499;198
55061;273.149231;197.4129028
55062;268.7758484;196.3327942
55063;256.7164612;192.2344971
55064;246.2319489;188.3106232
55065;243;187
55066;243.5543365;187.1847839
55067;243;187
55068;244.3370819;187.3342743
55069;243;187
55070;243;187
55071;243;187
55072;243.0949249;187
55073;243;187
55074;243.1932983;187.7066498
55075;245.7978821;189.9784546
55076;248.293045;189
55077;257.303894;190.6175385
55078;265.4042358;192.65625
55079;270.4518738;193.4309845
55080;263.7601624;196.8690033
55081;261.800293;199.9124146
55082;263.0553284;200.3310394
55083;265.9156189;193.1265411
55084;267.000885;187.8455505
55085;266.8594971;190.2151642
55086;265.8826904;193.1173096
55087;263.7851868;195.7408752
55088;262.3740845;196.6556854
55089;260.9310913;197.8126373
55090;259.4573364;199.4489136
55091;257.2231445;201.2417755
55092;256.6582336;203.0228424
55093;259.0931091;203.8490601
55094;261.9848938;205.5702057
55095;263.3733826;206.5511475
55096;263.1774292;207.2346802
55097;263.6483459;207.6361237
55098;265.8693542;207.812027
55101;287.4593201;201.8430939
55102;290.5037842;201.343338
55103;294.4295349;200.0714111
55104;298.5917969;197.0940094
55105;299;195.1103668
55106;299;-9999
55107;299;-9999
55108;299;-9999
55109;299;-9999
55110;299;-9999
55111;299;-9999
55112;299;-9999
55113;299;-9999
55114;299;-9999
55115;299.0125427;-9999
56042;282.656189;187.1575775
56043;281.3939209;185.1408386
56045;282.2789612;193.7812958
56046;284.0084534;198.1643219
56047;286.2593994;201.3161163
56048;286.6695862;203.8497467
56049;285.7394409;206.3777924
56050;280.6951294;201.0875702
56051;275.4524231;191.992691
56052;270.0009155;193.7272034
56053;269.0401917;198.4717255
56054;269.3980713;195.1527863
56055;267;197.630661
56056;267;198
56057;267;198
56058;270.5593567;198.0870667
56059;273.0175171;199.1486511
56060;273.6314392;198.8905487
56061;272.3873901;198.7084045
56062;265.8770447;197.2737579
56063;251.6379852;192.2445984
56064;246.0598145;189.5537567
56065;243;187
56066;243;187
56067;243;187
56068;243;187
56069;243;187
56070;243;187
56071;243.0422974;187.0422974
56072;243.5847321;187.5771484
56073;244.0144043;187.7608032
56074;244.7978973;188.1985931
56075;245.3727417;188.908493
56076;246.2211456;190.2211456
56077;253.6364441;193.1812286
56078;262.1656494;196.6729889
56079;267.4237366;199.267868
56080;259.9392395;202.2790833
56081;258.8396912;202.2931213
56082;260.6025696;201.1197357
56083;263.6209412;197.4537811
56084;264.4300232;192.9985352
56085;263.4916687;193.0130005
56086;262.2883911;196.1628876
56087;261.2625427;196.466217
56088;259.8867798;196.8707733
56089;258.8171387;196.4768066
56090;257.3653259;198.1109009
56091;257.0332031;201.58461
56092;256.5564575;203
56093;257.4769897;203.4998779
56094;259.3583374;204.2687531
56095;260.9801025;205.4850769
56096;261.7098694;207.6450653
56097;263.3007202;208
56098;266.4478455;207.1779022
56099;270.1990967;206.1464539
56100;277.627594;203.462265
56101;284.9121399;201.9565125
56101;281.1442871;202.259079
56101;285.2839966;201.6207733
56102;286.6186218;200.562027
56103;292.3910828;198.7623138
56104;298.540741;196.4974365
56105;299;-9999
56106;299;-9999
56107;299;-9999
56108;299;-9999
56109;299;-9999
56110;299;-9999
56111;299;-9999
56112;299;-9999
56113;299;-9999
56114;299;-9999
56115;299;-9999
57046;285.481781;199.1998138
57047;286.8358154;199.8527985
57048;285.7528076;202.8901215
57049;281.9420166;205.8017426
57050;274.743988;201.5985565
57051;268.8788452;197.5269775
57052;267;198
57053;267;197.9346619
57054;267.2044983;199.0903625
57055;267.2857361;198.6719666
57056;267.3855591;198.3855591
57057;267.0777893;198
57058;269.1086731;198.9208221
57059;271.3070679;200.6251526
57060;271.9145813;202.6528778
57061;272.8561096;203.988678
57062;267.7241516;202.844696
57063;258.453064;201.374588
57064;249.4641571;193.4641571
57065;244.8169861;189.4886017
57066;244.6193542;190.2387085
57067;243.4640045;187.9279938
57068;243.4609985;187.4609985
57069;243.3726959;187.4665833
57070;243.7625275;188.0555725
57071;244.6190948;188.6190948
57072;245.4741974;189.256485
57073;246.5661469;189.6562195
57074;247.0780182;190.4830627
57075;247.4882813;191.4882813
57076;248.3566742;192.3566742
57077;250.5456696;194.3897705
57078;258.8802795;199.3055878
57079;264.2033386;203.9592438
57080;259.1414795;203.7336578
57081;257.1069336;203.14151
57082;258.3240051;202.4864044
57083;261.0319519;201.1453247
57084;261.5542297;198.4402771
57085;260.7724304;197.6806793
57086;260.025177;198.3699188
57087;258.5511169;197
57088;257.9434509;195.958725
57089;256.7168579;195.8649292
57090;254.9297028;197.8749084
57091;255.7446899;201.6065979
57092;255.6012573;202.8730164
57093;255.0499725;203
57094;257.2203979;203.6070251
57095;258.7599182;204.2108002
57096;259.7762451;206.6048279
57097;261.2047424;207.5492554
57098;264.4485779;206.7388
57099;268.0617676;206.1914368
57100;276.7319336;203.664978
57100;269.3982544;205.7572784
57101;279.307373;202.1652222
57102;283.7728882;200.28508
57103;289.9444275;198.0149994
57104;297.2281494;-9999
57105;299;-9999
57106;299;-9999
57107;299;-9999
57108;299;-9999
57109;299;-9999
57110;299;-9999
57111;299;-9999
57112;299;-9999
57113;299;-9999
57114;299;-9999
57115;299;-9999
58037;294.9312439;200.3042908
58038;296.1869812;201.2694397
58039;295.1845093;200.019516
58040;294.8652344;199.8029022
58041;292.7489014;196.688797
58042;291.7086792;194.5608063
58043;285.2381592;190.495285
58044;283.9794922;188.7280121
58045;283.9999695;184.5760651
58046;284.3108521;185.6744995
58047;287.1289368;197.0681
58048;286.2949219;200.1958618
58049;285.4134827;205.2498627
58050;280.5112;204.7715912
58051;286.3399353;206.7359772
58052;272.7304993;200.7013245
58053;287.9525146;206.8889313
58054;273.1682434;201.7036133
58055;269;201
58056;268.3033447;199.7627106
58057;267.5708313;199.0359497
58058;267.3103943;198.310379
58059;269.1245422;200.6879425
58060;270.7567139;204.8619385
58061;271.8552246;206.6021881
58062;270.9635315;208
58063;261.8331909;208
58064;252.3553314;202.3158417
58065;247.2341156;195.2949524
58066;247.896698;196.7197876
58067;245.2310486;189.405426
58068;244.9319;189.1421814
58069;244.7448578;189.6774139
58070;244.7507477;190.5012054
58071;245.9578094;190.8352661
58072;247.2778168;190.9979095
58073;248.4046478;191.8628693
58074;249.0380707;192.879425
58075;249.8649902;194.063324
58076;250.4680328;194.5942688
58077;251.692688;195.692688
58078;255.9601898;199.6033783
58079;262.4728394;206.4728546
58080;258.2183228;204.2813263
58081;255.3868713;202.8404236
58082;257.0278931;202.6720581
58083;259.4250183;202.9099121
58084;259.4562073;201.874176
58085;259.0439148;200.5126801
58086;258.4309998;198.8731079
58087;257.3327942;196.3894348
58088;256.3003235;194.3898315
58089;254.5955353;195.274765
58090;254.9275208;197.8260345
58091;256.0307617;201.5691223
58092;256.412323;203.7094879
58093;255.9020996;203.7202301
58094;256.5775757;203.8907623
58095;256.0223389;203.4117279
58096;257.1529541;205.1048126
58097;257.59552;207.2416992
58098;259.7644043;207.4662476
58099;263.3319702;206.7232666
58100;268.6819153;204.6468964
58101;273.2807617;202.3363647
58101;278.7870178;201.2349243
58102;281.6376648;199.4602814
58103;288.3495178;-9999
58104;295.5332642;-9999
58105;299;-9999
58106;299;-9999
58107;299;-9999
58108;299;-9999
58109;299;-9999
58110;299;-9999
58111;299;-9999
58112;299;-9999
58113;299;-9999
58114;299;-9999
59037;295.6930237;201.858902
59038;296.9293518;202.7679138
59039;297.4125366;202.8657837
59040;297.1038513;202.9487305
59041;296.8748169;201.2644043
59042;294.2841492;197.1745453
59043;286.70047;193.7207031
59044;284;187.3262024
59045;284;183.5783539
59046;284.2919006;187.3830719
59047;285.1784668;190.056778
59048;287.5206604;200.3471832
59049;287.0949097;204.3283844
59050;287.5934143;206.5044098
59051;288.0205994;207.7987366
59052;285.0720825;206.2542572
59053;287.9476929;207.0403137
59054;275.1828308;203.2979279
59055;269;201
59056;268.8082275;200.8253326
59057;268.2695313;199.9047546
59058;267.3616638;199
59059;268.4393921;200.3182068
59060;270.0307312;204.4994049
59061;271.1850891;207.3424683
59062;270.8331909;208
59063;264.2519226;208
59064;255.5724945;208
59065;251.4017487;202.3934784
59066;252.532959;196.5065155
59067;248.0965881;193.3707275
59068;246;191.4172516
59069;246.1033936;191.5204926
59070;246.6008759;192.3975983
59071;247.5290375;192.7910004
59072;248.6388092;192.83992
59073;249.8939362;193.9733887
59074;251.0409851;195.1206818
59075;251.7725525;196.5500793
59076;252.4127197;197.0337372
59077;253.0091705;197.068512
59078;255.4399414;199.4399414
59079;259.5971069;203.5971069
59080;256.3600159;202.4856873
59081;256.3613281;201.9312592
59082;257.3233643;202.4842072
59083;259.2040405;202.987793
59084;258.6052856;201.5600281
59085;257.8238525;200.0673676
59086;257.094696;198.4907532
59087;256.3073425;196.8973694
59088;255.2250977;194.1251984
59089;254.2041931;194.1951141
59090;255.1566467;197.8368225
59091;256.5105896;201.72966
59092;257.5418091;205.0232697
59093;256.9630127;205.069397
59094;255.3257599;204.4996796
59095;254.1116333;203.4954376
59096;254.1447296;204.5642548
59097;254.8062897;206.1604004
59098;255.5279388;207.2727203
59099;258.0124817;207.4367218
59100;264.3158569;204.6459351
59101;270.6339111;201.9873352
59102;278.366272;-9999
59103;286.9916687;-9999
59104;295.1176147;-9999
59105;297.7740173;-9999
59106;299;-9999
59107;299;-9999
59108;299;-9999
59109;299;-9999
59110;299;-9999
59111;299;-9999
59112;299;-9999
59113;299;-9999
60039;297.2876892;204.7303772
60040;297.8709717;204.4659729
60041;298.644104;203.2156372
60042;297.4734802;200.6092834
60043;290.4500122;193.3453674
60044;284;186.335495
60045;284;184.0279846
60046;284.0947266;185.6570282
60047;284.911377;189.5342407
60050;288.7599487;206.3287964
60051;289;207.7503662
60051;288.9381714;207.1595612
60052;289;208
60053;288.3583984;208
60054;278.6062012;204.2620697
60055;271.3386841;201.7795563
60056;269;201
60057;269;200.3570557
60058;268.9205322;199.9205322
60059;268.9876404;201.160614
60060;270;203.2585602
60061;269.8990784;207.042984
60062;270.4683838;207.4376831
60063;267.0183105;208
60064;260.5628967;207.0164795
60065;258.3258972;202.827301
60066;252.5669556;198.021698
60067;248.3070068;194.8170776
60068;247.9726868;193.68927
60069;247.9220886;193.6361847
60070;248.234436;194.1167603
60071;248.7167969;194.7167969
60072;249.5028076;194.8919373
60073;250.6712646;195.5064697
60074;252.1971283;196.7054138
60075;252.927536;198.043335
60076;253.6240845;198.5643768
60077;254.5116272;199.0005188
60078;255.8024597;200.0075226
60079;257.1771545;201.1771698
60080;257.7440491;201.839035
60081;257.3885193;200.7666473
60082;257.1831055;200.4805298
60083;257.7201538;201.586441
60084;256.6925354;201.1307983
60085;255.3801422;200.0383911
60086;255.353714;198.6297302
60087;255.0818176;196.9013977
60088;254.4523926;195.1190033
60089;254.6204071;195.5510101
60090;255.8505402;198.6263275
60091;256.9500427;201.9586182
60092;257.9335022;205.2905426
60093;257.296051;205.8792267
60094;255.7223816;205.7802887
60095;253.7598724;205.6817932
60096;252.7667084;206.2442627
60097;253.0757599;207.4083099
60098;253.1832275;207.6825104
60099;253.9628296;207.65065
60100;259.9391785;204.4741211
60101;267.7059631;-9999
60102;275.8341064;-9999
60103;284.7684937;-9999
60104;293.2233276;-9999
60105;295.7897034;-9999
60106;298.8891907;-9999
60107;299;-9999
60108;299;-9999
60109;299;-9999
60110;299;-9999
60111;299;-9999
60112;299;-9999
60113;299;-9999
61038;295.1037903;206.9115753
61039;295.0720215;207.0015869
61039;294.9573364;207.1900635
61040;294.6502075;206.2355652
61041;295.8278198;204.5627441
61041;298.5780029;203.1932678
61042;296.6690979;200.8642426
61043;289.7145996;191.2106781
61044;286.0801697;186.4881744
61045;285.3704224;183.398056
61046;284.0011902;183.0492706
61047;284.4389954;185.5236969
61051;289;207.9555511
61052;289;208
61053;289;208
61054;284.33078;205.6256104
61055;274.5809326;202.8920593
61056;269;201
61057;269;201
61058;269;201
61059;269;201
61060;268.9301758;203.1666565
61061;268.7271729;207.597641
61062;269.5349426;206.0956268
61063;268.4545593;204.8441162
61064;263.6756897;205.8707275
61065;258.7225037;203.3674011
61066;252.7318573;199.1169281
61067;250.2671814;197.2309265
61068;249.6988678;196.0482941
61069;249.6906738;196.0360107
61070;249.4806366;195.8681793
61071;249.7634125;196.0746002
61072;250.5228119;196.613266
61073;251.7661438;197.3095703
61074;253.244873;198.3805847
61075;254.1602936;199.3881989
61076;254.8359222;200.1343231
61077;256.0479431;201.05513
61078;257.3015442;201.9155273
61079;258.7581482;202.7581482
61080;258.8493652;202.0640564
61081;258.6420288;200.9755859
61082;258.5517883;200.2041473
61083;257.7294312;200.6017456
61084;255.6537933;200.9841156
61085;254.3863373;200.3455505
61086;254.3199615;198.9818726
61087;254.1837463;196.9549103
61088;254.1082001;195.2247314
61089;255.2697601;197.3969879
61090;256;200.4345551
61091;256.9518433;203.1522827
61092;257.5332336;206.2134552
61093;257.2858276;207.1405792
61094;255.5057831;208.1025848
61095;252.9910583;208.6593018
61096;252.3437347;208.6551361
61097;251.2022552;208.8501434
61098;251.6857147;208.4331055
61099;252.5291138;206.5658569
61100;257.170929;-9999
61101;264.5706482;-9999
61102;273.4236145;-9999
61103;281.9042969;-9999
61104;290.6983337;-9999
61105;296.4926453;-9999
61106;299;-9999
61107;299;-9999
61108;299;-9999
61109;299;-9999
61110;299;-9999
61111;299;-9999
62032;295.1610413;206.2642517
62032;295.23526;206.0654907
62033;295.053009;206.6270142
62034;295;207.0283966
62038;294.9812317;207.0375366
62039;294.415863;208.1682587
62040;294;207.1894379
62041;295.8406067;205.3996124
62042;298.6079407;203.9763947
62043;299;200.2226563
62044;294.5613403;192.9868164
62045;286.619812;186.3121338
62046;284.3030701;183.5345001
62047;284.3010254;184.7402496
62048;284.969696;188.3468628
62051;289;207.9830017
62052;288.9686584;207.9590149
62053;289;208
62054;289;206.6599274
62055;278.7406311;204.104248
62056;271.9322815;201.786911
62057;269;201
62058;269;201
62059;267.3093567;202.2679901
62060;267.1596069;205.2371063
62061;267.0885315;207.4314728
62062;267.4069824;205.8478241
62063;268.2342529;202.5740051
62064;265.521637;203.3507996
62065;259.0678101;202.9515228
62066;253.4308472;200.3165588
62067;252.2386932;199.2386932
62068;251.2520752;198.3178711
62069;250.9138489;197.9138489
62070;250.627182;197.627182
62071;250.6133423;197.9099426
62072;251.4265747;198.6142731
62073;252.862442;199.3366852
62074;254.1943665;200.1191254
62075;255.1905975;200.9830627
62076;256.1269531;201.8287964
62077;257.1904602;202.8016968
62078;258.4139404;203.5635681
62079;259.8295593;203.2798615
62080;260.8695679;202.6343994
62081;260.5969849;201.3273621
62082;260.3351135;200.4773865
62083;258.208252;200.4099274
62084;255.7237549;200.9129486
62085;253.6481934;201.0492096
62086;253.3211975;200.0544739
62087;252.8426208;198.5233154
62088;252.7892303;197.5451508
62089;253.9853973;198.7957458
62090;254.5755463;202.6605072
62091;255.7268219;205.117691
62092;256.5123596;208.4121399
62093;255.9442444;209.5565643
62094;254.4929352;210.6685638
62095;253.2454834;210.3158264
62096;252.4151611;210.0605621
62097;251.2895813;209.9928589
62098;251.6970673;207.0102234
62099;253.5415497;-9999
62100;257.4879456;-9999
62101;262.1399841;-9999
62102;270.9178162;-9999
62103;279.2152405;-9999
62104;287.8847351;-9999
62105;295.2271423;-9999
62106;299;-9999
62107;299;-9999
62108;299;-9999
62109;299;-9999
62110;299;-9999
63031;294.9452515;204.8239899
63031;295.4910889;206.7378998
63032;295.0498657;207.3615875
63033;294.9723816;207.7025757
63034;294.8898926;208.086319
63035;294.6471252;208.2413025
63036;294.5030518;208.2126923
63039;294;208.5320282
63040;294.3978271;207.9817963
63041;296.093689;206.2551727
63042;298.2689819;204.6916199
63043;298.6610413;204.2315674
63044;297.9637451;202.2342529
63045;294.7435608;199.2445526
63046;288.0560608;188.3644104
63046;293.6307373;196.0529633
63047;284.5035706;187.8439636
63048;285.2087708;187.5881958
63052;289;208
63053;289;208
63054;289;208
63055;281.8678894;204.3915558
63056;272.1996765;201.8605042
63057;269;201
63058;268.4450684;201.3193359
63059;266.194458;203.69664
63060;264.1574707;207.7596588
63061;264.9510193;208
63062;265.192627;206.3149109
63063;266.0444336;203.8123779
63064;264.375;204.1118927
63065;259.1922302;203.5937653
63066;254.9546814;202.229248
63067;253.4698334;201.035965
63068;252.4286346;200.0874939
63069;252.2877045;199.2877045
63070;252.0805664;199.2788849
63071;252.3043823;200.2086639
63072;252.6460419;200.4470215
63073;253.8622284;200.8912354
63074;255.0314331;201.8023987
63075;256.2767944;202.6432953
63076;256.664093;202.874527
63077;257.9945374;203.9945526
63078;260.2468567;203.8544312
63079;262.125824;203.7092285
63080;262.449585;203.807724
63081;262.5319519;203.1737366
63082;263.4125061;202.7967377
63083;262.3596191;202.6187439
63084;261.9545593;201.9552765
63085;258.1751099;202.3576965
63086;254.3953247;201.6936493
63087;251.5905914;200.7770081
63088;251.3549652;200.3943787
63089;252.1695557;200.1432953
63090;253.3796082;204.4043579
63091;253.9960022;207.2664642
63092;254.5046082;209.2554321
63093;253.9225769;210.5938721
63094;253.2595673;212.1500397
63095;256.6554565;210.3847961
63096;259.1346436;207.84729
63097;261.0117493;205.2593079
63098;261.2530823;-9999
63099;260.6054993;-9999
63100;259.1584778;-9999
63101;261.887085;-9999
63102;268.2220154;-9999
63103;276.732666;-9999
63104;285.2433472;-9999
63105;293.1329041;-9999
63106;299;-9999
63107;299;-9999
63108;299;-9999
63109;299;-9999
64031;294.8113098;204.5192261
64032;294.7374878;207.3213196
64033;294.7112732;208.2928772
64034;294.6032715;208.4004517
64035;294.3173218;208.6634674
64036;294.1112976;208.7745972
64037;294.2512817;208.1386566
64039;294;209
64040;294.024231;208.9732208
64041;295.2411804;207.8072052
64042;296.684845;206.3259125
64043;297.6470337;205.5820923
64044;298.9187012;204.060318
64045;298.3135986;202.330307
64046;294.6291199;197.9371033
64054;287.0278931;206.6901398
64055;282.7228088;205.2246399
64055;277.263092;203.9140472
64056;270.6826477;202.0249176
64057;267.4711304;202.1350098
64057;269.1412354;201.2705383
64058;265.9802856;203.2295227
64058;261.8804321;205.701889
64059;259.4339294;208
64060;261.3583984;208
64061;262.52771;208
64062;263.4611206;207.3486023
64063;264.8736267;206.0783844
64064;264.2011414;206.0430756
64065;259.2330627;206.173111
64066;256.7050476;204.4208221
64067;255.2113037;203.2258606
64068;253.8434753;202.2651978
64069;253.6824951;201.5051575
64070;253.6853943;201.9882507
64071;253.882309;202.0290985
64072;254.5916138;202.0415497
64073;255.4517975;202.4472809
64074;256.4931335;203.4676056
64075;256.832428;203.6648254
64076;256.7352295;203.4704895
64077;258.8945007;204
64078;262.4486694;204
64079;264.0186462;204
64080;263.9741211;204.1122284
64081;264.7332458;204.5361328
64082;265.8391724;204.7521057
64083;266.8103638;204.7129364
64084;266.75177;203.5509796
64085;265.0269775;202.9438171
64086;260.4928284;202.994873
64087;255.8457642;201.7827606
64088;251.2418518;201.3123322
64089;250.7515106;203.9447937
64090;252.2349548;206.5772552
64091;254.4146271;208
64092;256.82901;208.2617645
64093;262.1429138;208.3627777
64094;268.1251526;205.6840973
64095;273.3450623;-9999
64096;276.533783;-9999
64097;277.1848145;-9999
64098;277.8632507;-9999
64099;275.895752;-9999
64100;273.9143372;-9999
64101;272.2284851;-9999
64102;277.0360413;-9999
64103;275.1447754;-9999
64104;282.2766418;-9999
64105;291.9990845;-9999
64106;298.5425415;-9999
64107;299;-9999
64108;299;-9999
65032;294.2565918;208.423233
65032;294.4979553;208.3306732
65033;294.3547058;208.5483856
65033;294.5339661;208.4540863
65034;294.2889099;208.7223969
65035;294.080658;208.9306183
65036;294;208.8892365
65037;294.0596008;208.0937805
65040;294;209
65040;294;209
65041;294.3457031;208.794693
65042;294.2128906;208.4447479
65043;296.2837524;207.0916901
65044;298.7147522;205.2852783
65045;294.3365479;204.7314301
65046;292.5012817;202.4351196
65057;263.8736267;204.5354004
65058;261.2893982;205.8553009
65059;259.2297668;208
65060;259.8731995;208
65061;261.2199707;208
65062;262.1147156;207.8164978
65063;262.8799133;207.9603271
65064;263.0364075;207.5077362
65064;262.8995667;207.6904907
65065;260.2223816;207.1126251
65066;257.3924255;206.3237305
65067;256.0688782;205.2972565
65068;255.3770447;204.3770447
65069;255.1886749;204.1886749
65070;254.8898315;203.6438599
65071;254.835495;203.4473267
65072;255.3314056;204.0594177
65073;256.2527161;204.5426483
65074;256.4640198;204.535965
65075;256.589447;204.410553
65076;257.3076172;204.088913
65077;261.0089722;204
65078;264.9123535;204
65079;265.6715088;204.3357544
65080;266.0680542;204.7417603
65081;266.8189087;205.0395203
65082;268.143158;205
65083;269.1742554;205.493515
65084;269.6352234;204.6995544
65085;269.5448914;204.7095642
65086;267.7037964;204.4214478
65087;263.0935059;202.9073181
65088;258.3618164;204.6922913
65089;255.4328003;205.8860321
65090;257.6648254;207.0928955
65091;260.0279236;206.108902
65092;264.261261;-9999
65093;270.7820129;-9999
65094;278.4721375;-9999
65095;283.9024048;-9999
65096;285.296051;-9999
65097;286.212738;-9999
65098;286.7954712;-9999
65099;286.7666321;-9999
65100;286.7825317;-9999
65101;286.7984314;-9999
65102;286.0394897;-9999
65103;284.9052734;-9999
65104;285.1193848;-9999
65105;293.5617981;-9999
65106;297.5032654;-9999
65107;298.6362305;-9999
66033;293.4150391;208.9263153
66033;294.0386658;208.6585083
66034;294.0012207;208.8553467
66035;294;209
66036;294;209
66037;294;208.771698
66038;294;208.9949646
66038;294;208.8196564
66042;292.6253052;209.4857025
66042;293.1416016;210.0970306
66043;293.770752;208.5185394
66044;296.3511353;207.0545044
66045;283.0554199;207.7772675
66057;262.0007629;205.7885742
66057;260.2062073;206.6574097
66058;259.2423706;207
66059;259;208
66060;259.6777039;208
66060;259.6635437;208
66061;259.992981;207.9555206
66063;262.1706848;207.1398468
66063;261.7981262;207.0895233
66064;261.4116821;207.1963806
66064;261.7822266;207.1802673
66066;256.4272156;206.9194031
66067;256.772522;206.4950104
66068;256.9365845;205.9365692
66069;256.7297058;205.7297058
66070;256.4287109;205.4287262
66071;255.8244019;204.7658997
66072;256;205.1826477
66073;255.849411;205
66074;256.3753357;204.9061584
66075;257.816925;204.4275055
66076;259.6234741;204
66077;264.179718;204.0316925
66078;267.0378418;204.7123566
66079;267.8367004;205
66080;268.3425293;205.1622314
66081;269.0222473;205.5905151
66082;270.5093994;205.2346191
66083;271.4171448;206
66084;272.5681152;205.6919861
66085;273.2171936;205.7533875
66086;272.1571045;205.0787201
66087;270.0166016;206.0537872
66088;265.5280151;206.5336914
66089;262.1635437;-9999
66090;263.5127869;-9999
66091;266.1522522;-9999
66092;273.3469543;-9999
66093;280.199646;-9999
66094;286.9704895;-9999
66095;290.7138062;-9999
66096;293.1225281;-9999
66097;294.0410767;-9999
66098;293.3538208;-9999
66099;293.0013733;-9999
66100;293.3838806;-9999
66101;294.856781;-9999
66102;294.7967834;-9999
66103;294.1704712;-9999
66104;293.4775085;-9999
66105;294.1620789;-9999
67033;292.6105957;209.2315216
67034;293.9071045;209.0077515
67035;293.8870239;209.112915
67036;293.9120178;209.0879211
67037;294;208.7806549
67038;294;208.364212
67038;294;208.6771545
67039;294;208.3683624
67040;294;209.1443939
67041;294;210.6389771
67042;291.547699;210.8209229
67043;285.0596619;209.7529449
67044;277.3195801;211.8209686
67045;274.2483826;210.167572
67057;259.0030212;207.1062317
67058;259;207.7720795
67059;259;208
67059;259;208
67060;259.0567932;208
67060;259;208
67061;259.384491;208
67061;259.0921326;207.9858551
67062;259.2788086;207.9603729
67062;259.7797852;207.7447662
67062;259.9342041;207.6929169
67065;258.4849548;207.7500916
67067;257.7623596;206.9955444
67068;258.0035706;207
67069;257.8124084;206.7854156
67070;257.0622864;206.2840729
67070;256.8432312;205.911026
67071;256.1677551;205.4057007
67072;255.7009277;205.1681519
67073;255.1843567;205.0507813
67074;256.5257263;205.0926666
67075;258.6612854;204.5138397
67076;262.4319763;204.2618866
67077;266.8296814;204.5580139
67078;269.218811;205
67079;269.6520996;205.3260498
67080;270.683075;205.9823914
67081;271.3454895;206.2355194
67082;272.5745544;206
67083;273.7589111;206.2127533
67084;275.0928955;206.5713806
67085;276.1615906;206.9584961
67086;277.1618347;-9999
67087;276.768219;-9999
67088;272.7740479;-9999
67089;271.152832;-9999
67090;270.1437988;-9999
67091;273.8766785;-9999
67092;279.2511902;-9999
67093;285.8481445;-9999
67094;291.8823242;-9999
67095;293.2480774;-9999
67096;295.5699463;-9999
67097;296.1484375;-9999
67098;296.3194275;-9999
67099;296.50177;-9999
67100;296.6977234;-9999
67101;296.8364563;-9999
67102;296.9752197;-9999
67103;297.1139526;-9999
68033;291.6354065;209.743866
68034;292.6028748;209.578125
68035;293.6087036;209.3910828
68036;294;209.1266479
68037;294;208.9898987
68038;294;208.4546661
68039;294;208.207962
68039;294;208.3442383
68039;294;208.2568665
68040;294;209.0192871
68041;292.9184875;210.1364899
68042;287.1025391;211.7077026
68043;274.7662048;214.641449
68044;264.4233093;218.4709778
68056;262.872345;208
68057;259.0090637;207.8501892
68058;259;208
68058;259;208
68059;259;208
68059;259;208
68060;259;208
68061;259;208
68062;259.0039978;207.9994354
68062;259.2673645;207.9814453
68063;259.1651917;207.96492
68064;258.8935242;207.9258575
68065;258.9330139;207.8399048
68071;256.1632385;205.4364777
68072;255.7103577;205.3641052
68073;257.01828;205.6259766
68074;257.2559509;205.4416504
68075;261.6991882;205.214035
68076;265.5000916;205.2716827
68077;269.4587708;205.4350891
68078;271.0242615;206.0671082
68079;271.9631653;206.5396423
68080;272.9761658;207.2824402
68081;273.6159058;207.7439423
68082;275.3413391;-9999
68083;276.4429932;-9999
68084;277.7059021;-9999
68085;278.5058594;-9999
68086;279.2547913;-9999
68087;280.254425;-9999
68088;279.3088379;-9999
68089;276.4333801;-9999
68090;276.0318604;-9999
68091;279.2148743;-9999
68092;284.2614746;-9999
68093;290.5511475;-9999
68094;293.6642151;-9999
68095;292.8196716;-9999
68096;294.2309875;-9999
68097;294.5050354;-9999
68098;294.5808411;-9999
68099;294.4880676;-9999
69035;291.655365;209.6075745
69036;293.1233826;209.1372681
69037;294;208.9520111
69038;293.6271973;208.7001801
69039;293.9997253;208.4362946
69039;294;208.2737579
69040;294;208.9664307
69041;290.39151;209.9502869
69042;277.5894165;213.5434723
69043;270.2988586;215.7541962
69044;265.0726624;217.3622589
69056;262.3484497;208
69057;259.5709229;208
69058;259;208
69059;259;208
69060;259.0000305;208.0000153
69060;259;208
69061;259;208
69062;259;208
69062;259;208
69063;258.8779907;207.9513855
69064;258.3236694;207.6381073
69072;260.3611145;206.2022552
69073;262.8857727;206.8244019
69073;261.5447388;206.4245148
69074;259.9577332;206.7573242
69075;264.3433228;206.8868256
69076;268.5053406;206.7578735
69077;271.216156;207.3803406
69078;272.941925;208.0795135
69079;274.0405884;-9999
69080;275.2623291;-9999
69081;276.3886719;-9999
69082;277.5166931;-9999
69083;278.6618042;-9999
69084;280.1062012;-9999
69085;281.0516052;-9999
69086;281.7671509;-9999
69087;282.8487854;-9999
69088;283.7328796;-9999
69089;282.3001404;-9999
69090;282.7023926;-9999
69091;285.7940979;-9999
69092;289.1865234;-9999
69093;292.0950928;-9999
69094;291.9313354;-9999
70036;289.8771667;209.9866943
70037;291.4156799;209.4276886
70038;293.3051758;208.4966736
70038;289.5704041;209.4862366
70039;289.7364197;209.4008331
70039;292.0871887;208.6096649
70040;290.7267456;209.6551361
70041;285.8752136;211.1349335
70042;270.3988953;215.9059753
70043;266.4377747;216.9747162
70044;263.9248962;217.7154236
70056;260.6565247;208.0085754
70057;259.7859497;208
70058;259;208
70059;259;208
70060;259.3125916;208.0957336
70061;259;208
70062;259;208
70062;259;208
70063;258.5404968;207.6474457
70064;258.1924133;207.1192627
70065;259.46521;207.3256683
70066;261.1112366;207.2741547
70067;264.5023499;207.7702026
70073;269.4064331;208.371994
70074;264.1398926;208.2724609
70075;267.3013306;208.9967957
70076;271.9315186;-9999
70077;274.4203186;-9999
70078;275.4139709;-9999
70079;276.3710632;-9999
70080;277.5419617;-9999
70081;278.9571228;-9999
70082;279.6157227;-9999
70083;280.6620483;-9999
70084;282.0893555;-9999
70085;283.3799438;-9999
70086;284.3450012;-9999
70087;285.4683533;-9999
70088;286.6505737;-9999
70089;287.7609558;-9999
70090;288.8713074;-9999
71038;288.0604248;210.0331268
71039;287.4636536;209.7880249
71039;288.1626587;209.9153442
71040;285.1627808;211.3430634
71040;285.333313;210.5664368
71041;279.0063171;212.7462158
71042;267.5059204;215.0745087
71043;263.3096313;217.823349
71043;265.1162109;217.214325
71043;263.3259583;218
71043;263.1444092;218
71057;259.5578003;208.0625153
71057;259.3793945;208
71057;260.0644226;208.1456909
71057;260.707428;208.0164795
71058;259;208
71058;259.1261597;208
71059;259;208.0015106
71062;261.5452271;208.5447388
71063;260.8968201;208.0693054
71064;261.3207092;208.040741
71065;262.5108337;208.1718445
71066;264.790741;207.8051147
71067;266.7064209;208.1455383
71072;276.9082642;-9999
71073;275.1321411;-9999
71074;272.4223938;-9999
71075;271.8650818;-9999
71076;274.4192505;-9999
71077;276.7914734;-9999
71078;277.7393494;-9999
71079;279.1023865;-9999
71080;280.1465759;-9999
71081;281.0447998;-9999
71082;282.0681152;-9999
71083;283.1691284;-9999
71084;284.5479126;-9999
71085;285.6009827;-9999
72039;281.1853638;211.8748779
72039;279.603363;212.1525879
72040;282.934021;211.9763947
72041;272.7435303;214.2751465
72042;268.865509;216.2665863
72043;265.2447815;218
72044;263;217.9999237
72057;259.0222778;208.4512177
72058;259;208.0111084
72058;259.2318726;208.31987
72059;259.2276306;208.5799255
72059;259;208.1106567
72061;263.8621216;209.4008179
72062;264.1059875;209.3967285
72063;265.1373901;209.5223694
72064;265.9104309;209.5483398
72065;267.2726135;209.816391
72066;269.1843872;209.434494
72067;270.2229919;209.9389343
72067;270.0002441;209.7996979
72069;274.1152039;-9999
72072;279.2904663;-9999
72073;279.0680237;-9999
72074;277.4553223;-9999
72075;275.6987305;-9999
72076;277.34021;-9999
72077;278.7310791;-9999
72078;280.0897217;-9999
72079;281.4864807;-9999
72080;282.3921204;-9999
72081;283.4388123;-9999
73039;279.0852661;212.698288
73039;279.1416626;212.4259949
73039;278.4463806;212.8105011
73040;279.029541;212.9563751
73041;275.3017883;215.1073303
73042;264.9542236;217.478241
73043;263;217.9999695
73044;263;218
73059;261.3414917;209.3087311
73061;265.6903076;209.9225311
73062;266.6837158;210.2399292
73063;268.3788147;210.9326172
73064;270.4324036;211.4387054
73065;272.0994263;211.5420532
73066;273.3265991;212.0003815
73068;276.7801514;-9999
73069;276.6185303;-9999
73072;280.1896667;-9999
73073;280.0759888;-9999
73074;279.6081543;-9999
73075;278.6213684;-9999
73076;280.2319031;-9999
74039;271.8061218;215.3517303
74040;272.7777405;214.4174042
74040;274.2134705;214.2328186
74041;269.6986389;216.0092773
74042;263.181366;217.7025299
74043;263;218
74044;262.9677429;217.8387909
74054;261.9130249;211.7838745
74055;261.4202576;211.5275574
74056;261.4055481;211.2758789
74057;263.0210876;211.4943085
74060;267.9577332;212.8406219
74060;267.9954529;212.7325134
74061;268.2652893;212.1144562
74061;268.3273926;213.0017242
74062;269.9942017;212.5978394
74063;270.9491882;213.0699921
74064;272.293335;-9999
74065;273.9244385;-9999
74066;275.3708191;-9999
74069;277.8882446;-9999
75040;271.0084839;215.4277039
75040;269.7039795;215.7010803
75041;267.0124817;216.5242157
75042;263.5274048;217.7869873
75043;263;218
75054;262.0004883;212.5322418
75055;262.3670349;212.7241211
75056;264.1411133;212.6900482
75057;265.5102844;212.9519196
75058;267.1004333;213.8093109
75060;269.472168;-9999
75061;270.4122925;-9999
75062;271.2466431;-9999
75063;271.8757019;-9999
75064;273.032074;-9999
75065;273.927063;-9999
75066;275.1460571;-9999
76041;265.4133911;217.025238
76042;263.3973694;217.8395081
76043;263;218
76044;263;218
76053;262.0481262;213.1270752
76054;263.4076538;214.3526611
76055;264.8171387;214.7275238
76056;266.4291382;214.8856506
76057;268.0984192;-9999
76058;269.7093506;-9999
76059;270.4179993;-9999
76059;271.1967773;-9999
76060;271.334259;-9999
76061;271.9754028;-9999
76062;271.9499817;-9999
76063;273.1299133;-9999
77041;263.1632996;217.9469299
77042;263.0523376;217.9850464
77053;266.8128357;-9999
77054;267.0746765;-9999
77055;267.4862671;-9999
77056;268.2835693;-9999
77057;269.44104;-9999
77059;271.1762085;-9999
