GRID_CODE;JSOW;JHAR
28059;107.8645935;224.1408539
28064;114.1091995;220.6711121
28065;114.9219131;219.8312225
28066;115.5524673;218.9876099
28067;115.6235962;218.6796265
29032;86.95387268;241.1920319
29033;87.62245178;240.5924835
29034;88.29103851;239.9929504
29035;93.97920227;245.4241028
29036;96.07202911;246.5357056
29037;95.68951416;244.2882385
29038;96.46607971;244.0906372
29039;100.6367493;251.6230774
29064;114.424057;221.1929626
29065;115.3586273;220.481369
29066;115.923233;219.7686615
29067;115.6477737;219.4285889
29068;116;218.3760681
29069;116;218.0416412
30030;88.09222412;244.0922241
30031;85.66918945;241.7820129
30032;85.31845856;242.2587433
30033;89.49372864;245.6511536
30034;93.66899872;249.0435638
30035;104.1926498;258.6268616
30036;102.3195267;254.3566589
30037;104.7161102;256.942627
30038;104.6320038;256.0448608
30039;100.6586533;254.9880524
30040;97.17024231;254.4481812
30041;95.65807343;258.8055725
30064;115.2041092;221.3336792
30064;114.6601028;222.3932953
30065;115.9116364;220.9914398
30066;115.9994583;220.5175018
30067;116;219.2967987
30068;116;218.6106262
30069;116;218.1103516
30069;115.8328171;219.699295
30070;115.6047134;221.4411621
31030;90.56139374;246.4109344
31031;87.91149902;243.7548065
31032;86.42031097;242.7593384
31033;85.04360962;241.9279633
31034;94.80806732;250.907196
31035;107.6751099;262.5873718
31036;108.3308334;263.315094
31037;108.2467194;262.4173279
31038;108.1626129;261.5195618
31039;104.4512405;260.4734802
31040;98.1374588;262.9699707
31041;94.74316406;266.5412598
31042;94.67134857;267.6783752
31057;105.5517273;241.8473206
31058;105.9670029;241.1363678
31069;115.9204025;218.9930115
31069;116;218.0887146
31070;115.8741302;219.9714508
31071;115.716217;221.9352875
32029;105.7456131;261.1206665
32030;94.64772797;250.210083
32031;92.25097656;247.9167633
32032;90.87427521;247.0853882
32033;87.4745636;244.0604248
32034;97.48390961;253.2643738
32035;110.1509399;264.7712402
32036;111.723938;266.6356201
32037;111.7291565;267.1374207
32038;111.693222;266.9942627
32039;108.6009979;266.0663452
32040;103.0854874;268.4015808
32041;95.75479889;268.1952515
32042;95.04707336;268.6176758
32044;96;270.9848022
32045;96;270.966095
32047;97.0020752;267.9152832
32056;104.7842636;245.5072784
32056;104.2335663;246.4058533
32057;105.0542603;244.3164063
32058;106.162468;242.3865051
32070;115.979538;218.9607697
32071;115.9371033;221.1057587
32072;115.9028168;222.5874634
33028;117.6751709;267.7134705
33029;112.3822708;267.4117126
33030;98.87834167;254.1502228
33031;96.7049408;252.2428131
33032;88.50080872;244.7808533
33033;92.51600647;248.467453
33034;102.5253601;257.6713867
33035;112.62677;266.9550781
33036;115.0941162;269.5967712
33037;114.9594269;270.0132751
33038;114.252327;270.0808716
33039;111.8783569;270.1988525
33040;105.4839401;270.3743286
33041;98.34713745;270.1829529
33042;95.49227905;269.7306824
33046;96;270.9380188
33047;96.28746033;270.2177124
33048;96.58859253;269.5083313
33056;103.9822693;246.7611237
33057;103.7940292;246.5817566
33058;104.8471985;244.4718018
33059;105.4046173;243.2875977
33069;115.7988663;219.8440857
33070;115.9673996;219.1134338
33071;115.8026733;220.6894379
33072;115.7103195;222.0464783
33077;109.0327835;245.938858
33078;101.8861389;240.8924103
34027;120.2184372;273.6500854
34028;120.0407791;274.9838562
34029;114.4116821;269.2922363
34030;104.7935028;259.4136047
34031;94.04035187;249.6555481
34032;87.54810333;243.6705322
34033;97.55745697;252.8744659
34034;106.6599808;261.3653259
34035;114.1946564;268.6233521
34036;115.0777817;270.3714294
34037;114.1260834;270.4121094
34038;113.4189835;270.4796753
34039;110.6680908;270.6090698
34040;103.9231262;270.8592224
34041;97.44663239;270.2753296
34042;96.33253479;270.7339783
34047;96;270.9831543
34048;96.23536682;270.4812317
34049;96.84362793;269.2222595
34056;102.1952133;249.3959961
34057;102.3212738;248.6930847
34058;103.3324432;246.3317261
34068;114.904541;227.493988
34069;115.7399368;220.2912598
34070;116;218.8519745
34071;115.9404068;219.8167877
34073;82.23247528;213.6381531
34074;78.45037842;213.0275879
34076;90.41529846;231.8649445
34076;85.59870148;231.116745
34077;109.8847733;243.3300934
34077;101.3762131;243.0742035
34078;98.99037933;243.1632385
34079;105.6508408;246.8042908
34080;96.30735779;242.169342
35027;119.6875534;274.5830994
35028;116.4687271;271.3875122
35029;113.2898712;268.2554626
35030;103.7615433;259.060791
35031;90.19975281;246.0127716
35032;91.28717041;247.0534515
35033;98.82184601;254.3114624
35034;106.3565292;261.569458
35035;113.8912125;268.8274841
35036;115.1266327;270.8674011
35037;113.9138184;270.879303
35038;112.7009964;270.8912048
35039;109.5046616;270.8722839
35040;103.3671799;269.2160339
35041;98.89373016;268.6850281
35042;97.23175812;269.9562073
35043;96.64191437;270.3402405
35056;99.95767212;252.9616852
35057;100.8052216;250.7149048
35058;101.8149033;248.0909424
35059;102.7136536;247.1677094
35067;113.4248734;240.3177643
35067;114.0510025;234.9545898
35068;114.7157211;229.1304626
35069;115.8111877;219.6363983
35070;116;218.3550568
35071;116;218.1541443
35072;98.14105225;215.1266479
35073;83.1940918;212.9626312
35074;76.09656525;211.9682159
35075;50.98606873;206.8458405
35076;45.75149155;205.8345337
35077;66.98511505;223.2056732
35078;103.9392471;251.2657928
35079;110.7771683;255.7242889
35080;111;260.1828003
35081;105.255928;255.6385193
36027;120.6662064;275.8200073
36028;117.5418472;273.4666443
36029;118.303299;270.6066589
36030;111.7052765;263.7119751
36031;97.995224;253.5637665
36032;95.73459625;251.1375122
36033;101.4419098;256.9271851
36034;108.7966309;264.0367432
36035;116;271
36036;115.8675995;270.4178467
36037;114.8098068;270.3987732
36038;113.6461563;270.6518555
36039;111.286377;268.8869934
36040;104.530777;267.0044556
36041;101.3365936;266.9743652
36042;98.68832397;268.7336731
36043;97.21791077;269.8338013
36044;96.79122925;270.1997986
36056;99.37543488;253.2440948
36057;99.90859222;251.305069
36058;100.2981262;249.405304
36059;101.5421219;248.2351685
36066;112.7708588;245.1102905
36067;113.7547073;238.3428955
36068;114.9322128;227.7427063
36069;115.0660934;217.7892456
36070;114.7817535;217.6452179
36071;112.7768478;216.9054871
36072;97.96343231;214.7489014
36073;86.17206573;212.7544403
36075;47.62680817;205.9492645
36076;42.86635208;205.15065
36077;53.91199493;215.4101868
36078;101.9739532;252.8391418
36079;111;261
36080;111;261
36081;107.8848267;259.4424133
36081;110.4963074;260.7481384
36082;101.9583969;256.479187
36082;104.367012;257.6835022
36083;99.93612671;255.4680634
36083;100.6102524;255.8051147
37027;121;275.9453735
37028;121;275.5457764
37029;121;274.1945801
37030;113.6262512;268.6627808
37031;110.0431366;265.0755005
37032;107.0317001;261.8586121
37033;107.5205917;262.3278198
37034;112.5333328;267.5609741
37035;116;271
37036;116;270.7402954
37037;115.8722229;270.8722229
37038;114.2910538;269.2910461
37039;112.4645233;267.4645081
37040;108.9731827;263.973175
37041;105.181778;264.3227844
37042;101.543602;266.2507935
37043;98.37551117;268.6244812
37044;96.69487;270.3045044
37045;96.28125;270.2768555
37046;96;271
37057;97.4006958;253.3347473
37058;98.08816528;252.8383636
37063;109.873497;260.6315002
37064;110.1759033;261.6556396
37065;111.3872681;259.8110352
37066;112.6710129;247.7010956
37067;113.9760895;237.643692
37068;114.2100601;225.9206696
37069;112.7655334;217.2694702
37070;111.4739227;217.1595306
37071;108.2939529;216.4478607
37075;45.6484375;205.7595825
37076;46.17251205;208.4989624
37077;60.27377701;220.5440979
37078;88.52912903;242.9294891
37079;102.0037766;253.5683441
37080;105.7536926;256.6572876
37081;110.0814285;260.3150635
37082;106.0548401;258.5274353
37083;99.60655212;255.3032837
37085;88.172966;249.5850067
38028;121;275.9858093
38029;121;276
38030;120.6306915;275.618103
38031;119.205307;273.8859253
38032;117.7799225;272.153717
38033;116.0681686;270.1534424
38034;116;270.3650513
38035;116;270.7172546
38036;115.7399216;270.7399292
38037;115.232933;270.2329102
38038;114.6211395;269.6211243
38039;112.5706177;267.5706177
38040;109.1253586;264.1253662
38041;105.4440308;262.2389221
38042;102.3331528;264.6668396
38043;99.57283783;267.4271545
38044;97.55467224;268.6628723
38045;96.49939728;267.3299255
38046;96;268.9627075
38047;96;271
38048;96.04651642;269.8517761
38057;96.16181946;255.0840302
38058;97.43873596;255.7232208
38062;109.5820389;263.5193787
38063;109.9643402;264.7308044
38064;110.4733124;264.6924744
38065;111.4991989;262.0050964
38066;112.8314972;249.5649719
38067;113.5873489;237.3585968
38068;113.0739517;225.6586304
38069;110.0043564;218.8376312
38075;43.0041275;205.4159546
38076;47.64399338;210.0121002
38077;62.5422821;221.6326904
38078;80.00390625;235.7270203
38079;90.28865051;243.8184052
38080;96.6125412;249.0108795
38081;107.8893433;258.535553
38082;109.0686264;260.0275879
38083;104.7095184;257.7515564
38084;100.9531937;255.754364
38084;98.57564545;254.653717
38086;99.38105011;255.1905212
38087;95.9912796;253.495636
39028;121;276
39029;121;276
39030;120.6971436;275.6973267
39031;119.479332;274.3760681
39032;118.0539474;272.6438904
39033;116.2609024;270.928009
39034;116;270.1862488
39035;116;270.2671204
39036;116;270.9110413
39037;115.2641983;270.2641907
39038;114.4283371;269.4283447
39039;112.1223068;267.1223145
39040;107.9066772;262.9066772
39041;105.8520889;261
39042;105.3315735;261.6684265
39043;101.6872864;263.3907166
39044;97.32522583;264.4973145
39045;96.72155762;263.6112976
39046;96;263.7072449
39047;96;266.4695129
39048;96;268.2127686
39057;96.13162994;255.0764008
39058;98.93662262;256.6195068
39061;109.095108;264.5346985
39062;109.8608398;264.9478149
39063;110.8234711;265.8234863
39064;110.7840424;265.0812378
39065;111.5692673;259.1705933
39066;112.8678665;250.6096802
39067;113.1495438;240.6012421
39074;49.62487793;207.2082977
39075;43.23983765;205.3030701
39076;43.08561325;205.7936554
39077;54.14823151;214.4387054
39078;70.03517151;227.5895691
39079;82.7286911;237.6522675
39080;92.84127808;246.0736237
39081;105.6561508;256.8218384
39082;109.1237564;259.6532593
39083;106.770401;258.6200867
39084;103.8250732;257.1017761
39085;105.4023972;257.9893188
39086;106.3463974;258.5860291
39087;99.49214172;255.1958923
40029;120.4060822;275.2444458
40030;120.3403931;275.4978638
40031;119.638237;274.6383362
40032;118.1776886;273.1407166
40033;116.3966522;271.3966675
40034;116;270.5312805
40035;116;270.0650635
40036;116;270.5908203
40037;115.624321;270.6243286
40038;113.0126038;268.0126038
40039;108.5997925;263.5997925
40040;106.022789;261.3439331
40041;105.5172272;261
40042;103.8145065;259.777771
40043;102.0375214;258.6225281
40044;98.05259705;259.4812927
40045;96.26628876;259.2222595
40046;96;259.1126099
40047;96;261.4627075
40048;96;264.1065979
40057;97.80997467;256.0812378
40058;101.3762512;258.3186951
40060;109.4029999;262.747467
40060;110.6871872;265.0129395
40061;111;266
40062;111;266
40063;111;266
40064;111.0552063;265.0555725
40065;111.7359009;259.1757813
40066;112.4273529;253.5775146
40072;72.33019257;215.6412659
40073;64.33984375;212.6330566
40074;52.84991837;208.6251984
40075;44.97350693;206.6380157
40076;44.1928215;207.0602112
40077;52.28329086;213.6300659
40078;65.74624634;224.6552277
40079;79.27895355;235.7298431
40080;92.69805908;246.8313599
40081;103.6901169;257.912262
40082;107.3447113;258.155304
40083;107.8161316;258.7604065
40084;107.585701;258.8108521
40085;107.806221;259
40086;107.6585922;259
40087;102.8274765;256.6213684
40088;99.23210144;254.8728027
41030;119.0319901;274.4635315
41031;118.8849869;273.9241028
41032;117.9817429;272.9817505
41033;116.83461;271.8346252
41034;116;270.691803
41035;115.0120773;269.4282532
41036;114.8297501;269.4788208
41037;114.4087372;269.4550781
41038;110.5882263;265.5882263
41039;107.0126038;262.1982727
41040;105.3170166;261.1742859
41041;103.0594482;259.6411743
41042;100.4745789;257.8542786
41043;98.25496674;256.3529663
41044;96.96780396;255.5806885
41045;96;255.2681122
41046;96;255.7712708
41047;96;257.1140747
41048;96;257.3963318
41049;96;256.6757202
41051;96;255.7668915
41051;96;256.1324768
41051;96;256.3788452
41052;96;256.197876
41053;96;257.0117798
41053;96;255.6577454
41054;96;255.1230927
41060;110.7658997;265.261322
41061;111;266
41062;111;266
41063;111;266
41064;111.1392822;263.7936401
41065;111.2805328;261.2009888
41069;105.5965271;230.3860168
41070;95.75456238;227.7806854
41070;100.1099472;228.4716339
41071;87.89774323;223.3292084
41072;78.47992706;218.631546
41073;68.36030579;215.6533051
41074;59.20009995;212.4478149
41075;50.6857872;210.3283539
41076;47.69498062;210.5704346
41077;55.10522079;216.5644836
41078;67.13140106;226.4358978
41079;81.02539825;237.5691376
41080;94.80345154;248.9693909
41081;104.322937;258
41082;106.3557587;258
41083;105.6059875;257.0419922
41084;105.7109375;256.7109375
41085;106.632431;257.6324158
41086;107.1459122;258.288269
41087;105.9826431;257.8043518
41088;101.284729;255.3751068
41089;98.00105286;253.3428955
42030;117.8551865;-9999
42031;117.875618;273.13797
42032;116.9484711;272.045929
42033;116.149292;271.149292
42034;115.0483398;270.0601501
42035;113.5605392;268.3674316
42036;113.0277481;267.9393616
42037;111.5560837;266.7226868
42038;108.193779;263.3266602
42039;106.485878;261.4929199
42040;104.5480423;260.0253906
42041;100.5698471;257.9129944
42042;97.26849365;255.8415527
42043;96;255
42044;96;255
42045;96;255
42046;96;255
42047;96;255
42048;96;256.3633118
42049;96;255.3576813
42050;96;255.4501038
42051;96;255
42052;96;255.1689911
42053;96;255.0133972
42054;96;255
42055;97.50808716;256.1430969
42056;99.48417664;257.6384583
42059;110.5438538;265.1705322
42060;111;265.9732666
42061;110.9896774;265.9674377
42062;111;266
42063;111;266
42064;110.9946823;265.4497375
42065;111.0464096;263.3407593
42068;107.7165985;244.606369
42069;107.1064987;237.4881439
42070;100.1326065;229.914032
42070;101.3069382;231.1933441
42071;91.63885498;225.7906647
42072;82.02365112;221.504364
42073;71.62405396;219.4680634
42074;61.41187286;216.1057129
42075;55.72028732;214.1770935
42076;54.96060181;215.9048615
42077;59.62434387;220.6243439
42078;69.7033844;229.5308228
42079;83.1055603;240.151825
42080;96.70741272;251.5341034
42081;103.5742111;257.2014771
42082;103.9378967;254.1279602
42083;102.9324799;247.4935913
42084;103.2942429;252.4078369
42085;103.7922363;255.2754974
42086;104.2393799;255.9580994
42087;104.7498169;257.0019836
42088;102.1691284;255.655304
42089;100.0259628;254.3152008
43031;116.5784531;272.3518066
43032;115.6541367;271.2329712
43033;114.9676971;270.0630188
43034;113.9381866;268.9419861
43035;112.3462067;267.3900452
43036;111.3334579;266.4153137
43037;109.3121185;264.5742493
43038;106.4070282;261.6155396
43039;105.4661484;260.6107788
43040;101.3599091;258.346344
43041;98.96805573;257.0903015
43042;96.64819336;255.5449677
43043;96;255
43044;96;255
43045;96;255
43046;96;255
43047;96;255
43048;96;255.2626343
43049;96;254.1750946
43050;96;254.7972107
43051;96;255
43052;96;255
43053;96.19793701;255.197937
43054;96.54232788;255.5423279
43055;99.09179688;257.2663269
43056;101.5653763;258.963562
43057;104.0430679;260.6488037
43057;106.4810715;262.2898865
43058;108.1248932;263.4655457
43059;109.9395523;264.8442078
43060;110.8082886;264.9213867
43061;111;265.8996887
43062;111;266
43063;111;266
43064;110.9924393;265.7182922
43067;107.7251282;256.8371582
43067;107.2627563;256.533783
43068;107.2543564;250.0812683
43069;105.483902;242.0671844
43070;102.6940994;234.3338013
43071;95.57633972;228.9944
43072;84.51526642;225.0272064
43073;74.25076294;222.0667572
43074;66.74489594;220.7584229
43075;61.88814545;219.8598175
43076;62.26130295;220.710083
43077;65.12583923;225.2541656
43078;73.34964752;232.4753571
43079;85.06751251;242.2788544
43080;96.45116425;251.4748993
43081;101.9532166;255.8946075
43082;101.2301483;254.5330505
43083;100.4771271;250.7934418
43084;100.7855377;249.8633728
43085;101.2424698;253.2099304
43086;101.6252365;253.9124451
43087;101.8663864;255.1252747
43088;100.9035034;255.0034637
43088;101.9567184;255.5996552
44032;114.5683365;270.551178
44033;113.8592529;269.499115
44034;113.2290268;268.3200378
44035;112.3423691;267.3647766
44041;98.87821198;256.5684509
44042;97.50785828;255.3775635
44043;96;255
44044;96;255
44045;96;255
44046;96;255
44047;96;255
44048;96;255
44049;96;254.4173126
44050;96;254.7200775
44051;96;255.0521393
44052;96;255.4411621
44053;96.54468536;255.8003235
44054;98.14110565;256.6846619
44055;100.5847778;258.1508789
44056;102.8286209;259.7270203
44057;105.6986237;262.7120667
44058;108.4153519;263.9421082
44059;110.3248291;265.5431213
44060;110.5229568;265.7989197
44061;110.9628067;266
44062;111;266
44063;110.9504776;265.9009399
44063;111;266
44066;108.9353867;261.145874
44067;107.3058319;256.5103455
44067;107.5715027;257.8384705
44068;106.6169815;254.2427063
44069;104.6861572;245.7710876
44070;102.764328;238.4587097
44071;96.82499695;233.0129852
44072;86.71524048;228.4189301
44073;78.03947449;226.3618927
44074;70.6754837;225.0883636
44075;69.99389648;225.5111389
44076;70.12948608;226.2307129
44077;71.42043304;229.0065613
44078;77.34039307;235.6220551
44079;87.33872986;244.7510834
44080;97.71790314;253.3935547
44081;99.54096985;255.1803284
44082;98.96879578;253.9066162
44083;97.93951416;251.4027405
44084;97.89382172;250.453949
44085;98.68078613;251.611969
44086;99.34216309;252.6499481
44087;99.21327209;253.6336212
44088;98.92661285;254.0832672
45041;98.4357605;256.1759338
45041;98.05484772;256.092926
45042;97.26876068;255.3211823
45043;96.44770813;255
45044;96;255
45045;96;255
45046;96;255
45047;96;255
45048;96;255
45049;96;255
45050;96;255
45051;96;255
45052;96;255.2450409
45053;96.44488525;255.5302887
45054;98.12755585;256.456665
45055;100.9301682;258.3580933
45056;103.308403;261.9761353
45057;106.2047577;267.1755981
45058;109.0565414;269.7507935
45059;111;266.2189636
45060;110.6936111;266
45061;111;266
45062;111;266
45063;110.9918365;265.9837036
45065;110.0256271;263.9711304
45066;108.8376465;261.1469727
45066;108.5141373;260.7033691
45067;107.6617737;257.7677612
45068;106.4143066;255.0699768
45069;104.7714996;249.8710785
45070;102.8572311;243.006073
45071;97.78184509;236.7286987
45072;89.13507843;232.0880585
45073;80.9595871;230.0934753
45074;77.01160431;229.9160309
45075;77.62268066;230.7810364
45076;77.92983246;231.3859406
45077;79.17124176;233.9041748
45078;82.12793732;239.0306091
45079;88.26657867;247.1940155
45080;96.70397186;253.7039642
45081;96.84954071;254.1657562
45082;96.24748993;253.0935211
45083;94.99542236;248.7056427
45084;95.11450195;248.6190186
45085;95.98189545;250.0464172
45086;97;251.9320526
45087;97.42803192;253.3465118
45088;97.80788422;254.0604095
45089;98.01073456;254.9348145
46041;97.73678589;255.9743347
46042;96.91181183;255.3178101
46043;96.34160614;255
46044;96;255
46045;96;255
46046;96;255
46047;96;255
46048;96;255
46049;96;255
46050;96;255
46051;96;255
46052;96;254.9437408
46053;96.465065;255.3050537
46054;97.95560455;256.0453186
46055;100.9141464;251.3608704
46056;103.7446671;265.8078918
46057;106.6521683;271.6521606
46058;109.1945419;278.4070435
46059;110.833313;276.162262
46060;111;270.3508301
46061;111;266
46062;111;266
46063;111;266
46063;110.9820633;265.9641113
46064;111;266
46065;110.3743668;264.6923828
46066;109.5500412;266.3571777
46067;107.7619324;261.4648132
46068;105.2154083;255.7804413
46069;104.3425598;252.5951538
46070;103.2260895;247.3084259
46071;99.09964752;240.6692657
46072;92.63872528;236.2120056
46073;86.27220917;234.9617462
46074;84.68253326;235.1100922
46075;85.22646332;236.3934784
46076;85.61833191;237.2575378
46077;86.05071259;238.5799255
46078;88.19931793;242.7966919
46079;92.38063812;250.0832367
46080;95.00989532;252.2245331
46081;94.85527039;252.6572113
46082;94.6740799;251.2267303
46083;93.54886627;246.9678497
46084;93.66798401;247.3180695
46085;95;250.1301575
46086;96.33921051;251.2924652
46087;97.05970764;252.9505768
46088;97.47089386;253.9154968
46089;97.96923828;254.9593048
47042;96.09472656;255.1532898
47042;96.39138031;255.3049774
47043;96.07627106;255
47044;96;255
47045;96;255
47046;96;255
47047;96;255
47048;96;255
47049;96;255
47050;96;255
47051;96;255
47052;96;254.2017822
47053;96.19950867;255.099762
47054;98.07996368;260.7603455
47055;100.6969604;253.4085846
47056;103.3970566;271.8444214
47057;106.5784073;282.5852356
47058;109.3130569;288.136261
47059;111.4987717;289.865448
47060;111.1893234;279.249939
47061;111;266
47062;111;266.4178162
47063;111;266.7243958
47064;111;265.4659119
47065;110.6843414;275.3755493
47066;110.5277405;284.8808899
47067;109.2526169;273.0746765
47068;105.1115112;260.8225708
47069;103.2472992;253.6625214
47070;103.4304733;250.696106
47071;100.2936935;244.9404144
47072;95.62359619;240.3262482
47073;92.36662292;239.9389954
47074;92.85144806;240.8939362
47075;92.79395294;241.9934235
47076;93.66017914;242.8891449
47077;91.62797546;243.5342407
47078;92.70943451;244.3547211
47079;94;247.8404083
47080;93.13032532;250.1713104
47081;93.50868988;251.5086823
47082;94;250.0796661
47083;93.33434296;244.0675812
47084;93.46312714;246.3719635
47085;94.91588593;250.9046021
47086;96.23339844;251.5147095
47087;96.94696045;252.830719
47088;97;253.5333557
47089;96.67197418;254.5331573
48042;96.00232697;255.04245
48043;96;255
48044;96;255
48045;96;255
48046;96;255
48047;96;255
48048;96;255
48049;96;255
48050;96;255
48051;96;255
48052;96;255
48053;96;254.9516449
48054;98.14659882;264.7829285
48055;100.6228867;271.5451355
48056;103.8428726;286.4477539
48057;106.7762299;294.6068115
48058;109.6844482;291.3067932
48059;112;290.1354675
48060;111.5912476;283.9196167
48061;111;266.4934387
48062;110.2775497;269.662384
48063;109.5005798;270.2124023
48064;110.1551971;280.4705811
48065;111.8033676;243.2643738
48066;112.9950333;300.8039246
48067;111.1910477;287.5190735
48068;108.0925369;271.9105225
48069;106.2556381;259.0684509
48070;101.9849319;252.8353882
48071;98.57118988;246.768158
48072;99.1424408;244.780304
48073;98.49971771;245.4309082
48074;96.56955719;246.5384521
48075;96.76018524;247.638092
48076;96.19974518;248.3038483
48077;94.84889221;248.3359985
48078;94;246.526413
48079;94;243.1494293
48080;94.78992462;247
48081;95.94315338;250.2196198
48082;96.13586426;252.9254456
48083;95.12772369;251.8250275
48084;93.32449341;246.7384949
48085;94.12245941;249.2449188
48086;95.47040558;250.4112091
48087;95.64558411;250.9367523
48088;96.09541321;252.9020386
48089;96.18466949;253.9517517
49041;96;255.1889648
49042;96;255
49043;96;255
49044;96;255
49045;96;255
49046;96;255
49047;96;255
49048;96;255
49049;96;255
49050;96;255
49051;96;255
49052;96;255
49053;96.42155457;254.5059357
49054;97.64059448;261.5232849
49055;100.599617;278.6803894
49056;103.6616592;291.9612122
49057;106.1871872;307.8519592
49058;109.1190186;315.0063477
49059;112;281.3592529
49060;111.3470688;293.6809998
49061;109.2402267;275.3044739
49062;107.6377182;273.7641907
49063;106.5333328;281.6413574
49064;109.7716064;295.0113525
49065;112.1549911;295.3881226
49066;113.5585175;298.1261902
49067;112.4682388;296.7008667
49068;109.6806488;283.869873
49069;106.2384872;269.0529785
49070;102.1928864;253.1090393
49071;96.1852951;248.2218018
49072;92.22440338;246.0319824
49073;92.91613007;247.0962219
49074;97.69258118;250.1704254
49075;98.12913513;251.6747437
49076;97.41568756;250.9127808
49077;95.53063202;250.6556549
49078;93.86991882;251.5938416
49079;94;253.0864868
49080;95.62330627;251.9202728
49081;100.0661316;249.2507324
49082;99.33554077;259.5939941
49083;98.08353424;263.812439
49084;94.28863525;248.0417786
49085;94.56572723;246.3485413
49086;94.3427887;245.7139587
49087;94.81800842;248.272049
49088;95.91577911;252.5771332
49089;96;253.0222931
49090;96.11719513;252.7711945
50041;96;255.0229187
50042;96;255
50043;96;255
50044;96;255
50045;96;255
50046;96;255
50047;96;255
50048;96;255
50049;96;255
50050;96;255
50051;96;255
50052;96;254.6925354
50053;96.01305389;254.1686249
50054;97.00241852;261.0438232
50055;99.67798615;266.7431641
50056;102.7925262;290.2541504
50057;105.991951;304.7858276
50058;109.3728638;315.8157654
50059;110.4496613;299.0569763
50060;107.192688;293.7901001
50061;105.2024307;278.2597351
50062;108.0958481;282.3748169
50063;110.3905716;281.1313782
50064;112;292.3463745
50065;112.540657;305.5937805
50066;115.3314209;299.4898071
50067;113.0152206;299.0148621
50068;109.5568237;284.9474487
50069;105.727562;270.6491394
50070;104.3311768;254.9084625
50071;98.87465668;251.1065521
50072;91.71639252;249.2417145
50073;92.66594696;249.1568298
50074;96.40523529;252
50075;96.18370819;252.3738861
50076;99.57240295;252.9600067
50077;94.58547211;252.1991425
50078;93.04706573;250.2353363
50079;93.91934967;253.0075836
50080;95.76100922;254.6747894
50081;101;252.4769592
50082;98.39731598;256.9216309
50083;95.88478851;259.1355591
50084;99.19181824;251.5005035
50085;103.1824036;250.8387909
50086;97.53142548;245.6074066
50087;94.23802185;244.9035645
50088;95.76617432;249.212265
50089;97.1370697;252.4467926
50090;96.03817749;252.7648163
50090;96.19412994;252.5449219
50095;98.45924377;244.1278534
50096;98.52103424;243.0139008
50097;98.97145081;242.7124634
51040;96;255
51041;96;255
51042;96;255
51043;96;255
51044;96;255
51045;96;255
51046;96;255
51047;96;255
51048;96;255
51049;96;255
51050;96;254.97789
51051;96;254.5763245
51052;96;254.1450195
51053;96;254.5774078
51054;96.13498688;256.7514648
51055;97.40465546;261.0993958
51056;100.5978317;277.7407227
51057;103.8848801;292.8710938
51058;106.1564789;297.3792419
51059;105.0686264;291.4489441
51060;103.3955536;278.8692627
51061;104.954277;286.2561035
51062;106.9845963;290.714386
51063;109.2808304;299.9179993
51064;111.6833267;310.3294067
51065;112.6320267;296.2501221
51066;112.9108963;300.2582092
51067;110.7590714;298.2816467
51068;107.0447769;287.7132568
51069;104;269.0627136
51070;102.9301529;256.2678223
51071;96.72909546;254.458847
51072;93.81396484;252.073761
51073;94.74101257;252
51074;92.65132904;252.0731201
51075;92.81936646;251.0906525
51076;97.26420593;250.5176544
51077;94.91880035;248.0400085
51078;93;246.2572327
51079;94.15587616;245.4676208
51080;96.07336426;247.8292389
51081;99.49117279;255.0680695
51082;96.96392822;254.9253693
51083;93.72445679;253.7789764
51084;96.53143311;253.1834412
51085;96.5754776;251.6155853
51086;94.28208923;245.1136017
51087;97.12030029;248.5408936
51088;99.83482361;252.8232117
51089;101.7652588;255.3642578
51090;98.36063385;249.6284637
51094;96.02082825;243.0473328
51095;96.06119537;241.7904968
51096;97.30892944;241.2085571
51097;98.53629303;241.4924164
51098;99.00663757;241.4894257
52040;96;255
52041;96;255
52042;96;255
52043;96;255
52044;96;255
52045;96;255
52046;96;255
52047;96;255
52048;96;255
52049;96;255
52050;96;254.9328918
52051;96;254.5836792
52052;96;254.4115601
52053;96;254.6813965
52054;96.32376862;255.9713135
52055;96.65097046;257.2974548
52056;98.45968628;265.2878723
52057;100.483551;274.364563
52058;100.6303024;269.4289856
52059;102.1596222;278.9533997
52060;103.6263275;289.026123
52061;105.3274002;297.0079041
52062;107.1321716;298.688324
52063;108.694397;308.7023315
52064;110.774498;310.1241455
52065;111.6996765;305.1567078
52066;109.6339035;308.2258606
52067;108.2838821;297.0561829
52068;105.5210724;278.3869934
52069;100.0532227;269.2672729
52070;96.46606445;263.0580444
52071;92.70079803;258.8030701
52072;93.37560272;255.5465546
52073;96.06440735;253.4871826
52074;98.61611938;252.7605438
52075;101.7497635;250.8224792
52076;98.38869476;248.7797089
52077;95.91806793;248.5500031
52078;93.90505981;248.603714
52079;94.6945343;246.943161
52080;94.81163025;248.8862457
52081;95.88691711;251.8684998
52082;96.23821259;249.9252167
52083;93;248.2497406
52084;95.07640076;250.5861969
52085;96.43851471;253.1113739
52086;98.72003174;252.2431793
52087;106.7370529;258.6060486
52088;104.7015915;254.9564362
52089;106.2001266;255.5970612
52090;99.40363312;247.13237
52094;96.01405334;241.9841766
52095;96;241.1144562
52096;97.24887085;241.4729004
52097;99.05699921;241.4741821
52098;99.08660126;241.0939636
52099;99.52902985;240.4404449
53039;96.49216461;255.369751
53040;96;255
53041;96;255
53042;96;255
53043;96;255
53044;96;255
53045;96;255
53046;96;255
53047;96;255
53048;96;255
53049;96;255
53050;96;255
53051;96;255
53052;96;254.9624176
53053;96;254.9555054
53054;96.07475281;255.5525055
53055;96.12562561;256.3636475
53056;96.92100525;259.2373047
53057;98.94757843;264.7333679
53058;100.3666763;276.2833862
53059;102.5876999;283.7614441
53060;103.8921432;292.2645264
53061;106;301.2546692
53062;107.5584488;304.6964417
53063;109.1337814;308.2356262
53064;110.8876419;309.8510437
53065;110.7927475;306.9632874
53066;108.8794327;301.8516235
53067;106.7417831;288.8924866
53068;104.2250137;276.8356018
53069;102.9645996;272.2036438
53070;101.5293732;267.7358093
53071;99.95392609;261.9202576
53072;98.16114044;257.4750366
53073;99.5105896;253.8285065
53074;104.7134323;251.910614
53075;112.0756302;250.8496704
53076;106.1947937;250.7663727
53077;101.0458908;250.5531464
53078;96.14849854;250.2645569
53079;96.45777893;245.138443
53080;95.33327484;243.0651703
53081;94.75550079;242.5732727
53082;93.38574219;242.8420715
53083;93.14523315;245.0162506
53084;96.20427704;252.3296204
53085;103.6584396;261.4666138
53086;112.2654266;265.688446
53087;123.19767;272.2651978
53088;117.3540726;264.3659668
53089;107.2487411;251.7642975
53090;99.76999664;243.9880371
53091;97.43240356;242
53092;96.39751434;242.0467072
53093;96.57035065;241.3205109
53094;97.60377502;239.7903748
53095;98.08521271;239.5629272
53096;99.42575836;241.1775055
53097;100.2114182;242.2520142
53098;99.27802277;240.425415
53098;99.86808777;241.3898926
53099;99.3460083;239.775238
53100;99.3060379;239.2320557
53100;99.81704712;240.0470734
53100;99.90048218;239.3288116
53100;99.44191742;239.232666
53101;101.0213165;239.688324
54040;97.54473114;255.876709
54041;96;255
54042;96;255
54043;96;255
54044;96;255
54045;96;255
54046;96;255
54047;96;255
54048;96;255
54049;96;255
54050;96;255
54051;96.09068298;254.909317
54052;96.43572998;254.5864868
54053;96.24530792;254.8903961
54054;96.69052887;254.4046021
54055;96.75895691;255.8542023
54056;97.59468079;260.1335449
54057;99.12934113;265.9334717
54058;101.3486328;274.2637329
54059;102.894783;283.2717896
54060;104.7249527;291.4766541
54061;106.1691208;291.709137
54062;108.0175934;301.1976013
54063;109.9215469;295.2406921
54064;111;293.165741
54065;109.8161774;296.3360291
54066;108.3568573;295.8097839
54067;106.181778;284.1146545
54068;104.8069534;276.2278137
54069;103.4582367;271.5552979
54070;101.8690567;267.0732422
54071;100.0814972;262.2511902
54072;98.43418884;257.162384
54073;99.69261932;248.4050751
54074;107.4304733;251.7464142
54075;113.8047638;252.2193909
54076;112.5101624;253.1009979
54077;108.3130798;253.6847687
54078;106.317009;251.707962
54079;110.3488464;248.1472168
54080;113.5997467;249.1767883
54081;109.8704376;249.1287689
54082;104.8644409;248.8645325
54083;97.5118866;250.7041168
54084;96.85906219;256.5479736
54085;108.1289673;264.1931458
54086;116.4030228;268.0540771
54087;121.3854218;268.3579102
54088;114.215889;258.1460876
54089;104.9349976;246.8261108
54090;100.0901413;241.1875916
54091;97.45487213;242.2561188
54092;96.66391754;241.9499817
54092;96.36487579;242.4931335
54093;98.10593414;239.7567749
54094;98.80860138;238.10849
54095;100.1928864;238.1640625
54096;102.9003906;243.0612183
54097;104.3794937;245.3794861
54097;103.8802338;244.8734894
54097;102.6216278;243.6299286
54101;101.0802612;239.4278259
54102;101.9136124;239.3084259
55042;98.39109802;255.9078369
55043;97.70298767;255.5973969
55044;96.03977966;255
55045;96;255
55046;96.04025269;255
55047;96;255
55048;96.16835785;255
55049;96.43855286;255
55050;96.28594971;255
55051;96.21981049;254.7801971
55052;96.78002167;254.219986
55053;96.85359955;254.1463928
55054;97.41139221;254.8227844
55055;97.41024017;254.9894104
55056;98.22651672;257.3582458
55057;99.40358734;264.6564941
55058;101.5701828;271.9529419
55059;103.2109909;281.3787842
55060;105.364563;289.679657
55061;107.094223;296.0813904
55062;108.629921;300.8320007
55063;110.2864914;290.1300049
55064;110.605423;296.2095642
55065;110.1143265;293.5527954
55066;107.8583069;289.3202515
55067;106.0800934;278.9131775
55068;105.4148788;274.3759766
55069;103.8544998;271.677948
55070;102.7122879;267.3926697
55071;100.7647781;261.5258484
55072;99.95253754;252.8221893
55073;101.4366074;244.4553528
55074;110.2506027;252.9970398
55075;113.9755936;254.1560974
55076;116.6453094;255.8423767
55077;114.4097214;257.9578552
55078;110.9739227;257.0666199
55079;115.0275879;253.8111115
55080;127.9386978;257.508606
55081;131.5496216;260.5283813
55082;122.0282822;260.6136169
55083;105.8965225;257.6054688
55084;98.80406189;257.076355
55085;108.7305603;261.9524536
55086;119.2607727;267.316864
55087;119.1667175;263.3399048
55088;112.1580963;254.282959
55089;105.3763733;245.8419189
55090;102.373497;243.7336273
55091;99.61843109;243.53508
55092;97.17944336;242.3646088
55093;99.36224365;240.3018799
55094;100.48703;237.3261108
55095;102.0268021;238.8268585
55096;103.9803238;243.0241547
55097;105.2798462;246.2722778
55098;105.6588669;246.6240387
55101;102.8703766;240.5877228
55102;103.3569412;240.2276306
56045;97.13526154;255.1743317
56046;97.29714203;255.2390442
56047;96.86817932;255.0695496
56048;96.71089935;255
56049;97.05984497;255.0319672
56050;97.06214142;255
56051;96.79586029;255
56052;97.40921783;255.6810913
56053;97.94785309;255.0900726
56054;98.17266846;255.6412048
56055;98.20022583;255
56056;99.04698181;256.2696838
56057;100;261.7526855
56058;101.8904114;269.6547852
56059;103.6268463;279.6182556
56060;105.723259;288.1119385
56061;107.6126328;294.1452332
56062;109;298.7644043
56063;109.727829;291.893158
56064;109.506073;298.3295593
56065;109.4898834;296.790741
56066;107.6853714;289.2315674
56067;106.2419205;276.617218
56068;105.8185196;273.3117371
56069;104.9947205;271.2480774
56070;103.2684631;266.0449829
56071;101.3465424;260.6507874
56072;100.4179764;256.4116211
56073;104.0579376;252.7391205
56074;112.1569672;252.7829285
56075;115.2666397;254.982666
56076;116.2930069;258.4159851
56077;116.3117599;261.239502
56078;115.1910629;262.6390076
56079;120.1199112;259.4093323
56080;137.3505554;263.9744873
56081;130.4961548;263.7190857
56082;118.0415421;262.0384521
56083;110.525383;260.2872009
56084;103.8283005;258.0230713
56085;108.5890198;258.8752136
56086;116.6115265;261.7772827
56087;116.2538223;260.0125427
56088;110.3117905;251.4588013
56089;107.9326324;248.0691071
56090;105.7689133;246.6007843
56091;102.5188217;245.1366272
56092;100.2627869;243.6598969
56093;101.3292999;241.7843933
56094;103.4002838;240.3173065
56095;105.3402863;240.4786072
56096;104.935173;244.0019836
56097;106;246.6161804
56098;106.0133133;246.1912079
56099;105.550209;244.4991913
56100;105.9316406;243.2156982
56101;104.1503983;241.2793884
56101;103.888031;241.2832794
56101;105.4209366;242.4075623
56102;104.9050674;241.2381439
56103;104.531311;239.8487701
57046;97.36000824;255.0839386
57047;98.56121063;255.4420624
57048;98.19429779;255.3609161
57049;98.6598587;255.631134
57050;98.38036346;255
57051;98.56266022;255
57052;99.29000092;255
57053;99.77606201;255.0653381
57054;99.57487488;255
57055;99.28572083;255
57056;99.62657928;256.0964966
57057;100.7463531;259.7115173
57058;102.6124268;268.5282288
57059;104.4167633;277.2941284
57060;106.7410202;285.8180237
57061;107.5213928;291.3911438
57062;109;294.6797791
57063;109;289.8798523
57064;109;294.669281
57065;108.7313538;294.6065369
57066;107.5821381;284.1049194
57067;106.261467;273.8696289
57068;106;272.3289795
57069;105.2318802;269.6017456
57070;103.9144897;265.4504395
57071;102.2525864;260.8860779
57072;101.7168198;256.1291504
57073;106.6620331;252.9099274
57074;112.5884933;253.8100739
57075;115.4657669;256.1529541
57076;116.6909027;259.8614502
57077;117.6481094;263.3585815
57078;117.7080994;265.0096436
57079;119.603569;265.9298096
57080;123.4380188;266.3557739
57081;121.9235077;265.28302
57082;117.7089615;263.7188721
57083;112.870163;262.7226563
57084;110.1248627;260.0097961
57085;112.832077;258.230011
57086;116.87397;257.1486816
57087;114.0637894;254.8813477
57088;111.6230469;252.0871277
57089;110.6796799;250.6341858
57090;109.452652;249.3348083
57091;106.5511017;248.0349579
57092;105.1606674;246.5834656
57093;104.8411407;244.947525
57094;107.1672974;243.0565948
57095;108.6860809;242.1076813
57096;107.9253082;245.5714417
57097;107.2295227;247.065506
57098;107.3473892;246.9822693
57099;107.8545685;245.9380951
57100;108.8237534;245.8490295
57100;106.3329163;243.5410461
57101;106.4236069;243.1540222
57102;105.8003235;242.0986176
57103;104.8232269;240.4697113
57104;104.1024323;238.7442627
58049;100.5404282;256
58050;100.2309265;255.7952728
58051;100.2044601;255.9339905
58052;100.6949921;255.6949921
58053;100.684639;256.7115784
58054;100.2356873;255.3102112
58055;101;256
58056;100.6160889;255.4425964
58057;102.0144119;258.4551086
58058;103.310379;266.7724304
58059;104.9848175;275.9370422
58060;107.3223877;284.1451111
58061;108;288.8186951
58062;108.1020737;290.2983398
58063;108.9023438;293.1863403
58064;109;289.6237793
58065;108.5317688;291.1389465
58066;106.9599686;276.2084656
58067;106;266.7583008
58068;106.2102814;270.8578186
58069;105.4388809;268.4554749
58070;104.1250534;264.6246948
58071;102.5144501;259.8728333
58072;102.8985291;255.3813782
58073;107.9528732;254.374649
58074;113.1732178;255.081604
58075;114.9966507;258.7132263
58076;116.9276733;261.3772888
58077;117.7979965;264.5869141
58078;118.9800873;267.4676514
58079;119.9951706;268.5151367
58080;121.7215805;266.3132935
58081;120;265.1595764
58082;117.8465271;264.9230347
58083;114.3786926;264.4677734
58084;114.7998734;261.7101135
58085;115.9952164;258.4501953
58086;116.0037079;256.4384155
58087;115.1140366;255.1364136
58088;113.9518433;253.9041595
58089;112.9073868;252.6824036
58090;111.8554764;251.8707733
58091;111.0463333;250.2154388
58092;109.9730835;247.8313141
58093;110.5799713;247.3425751
58094;112.0009689;246.0333252
58095;112.7727509;244.5962219
58096;111.9003067;246.4759369
58097;110.7021866;247.6742401
58098;110.4149475;248.3706207
58099;110.6975174;248.0517273
58100;109.3901978;246.3710632
58101;107.9060593;244.6259003
58101;106.625679;243.3761749
58102;105.9256287;242.6106415
58103;104.8191528;241.0040741
58104;104.4936066;239.8959961
59051;101.7847519;256
59052;101.7701263;256.4484863
59053;101.4410172;256.5176697
59054;101.8304062;256.5404053
59055;101.6983566;256.0140076
59056;101.6018219;256
59057;102.4600296;256.8410034
59058;104.0192337;264.6495056
59059;105.7202911;274.1970215
59060;106.5927734;279.8864746
59061;107.1850967;283.1105957
59062;108.0328979;284.2666016
59063;108.0218277;286.5158997
59064;108.696907;288.1555176
59065;108.132103;281.8154602
59066;106.0816803;272.6240845
59067;106.6341782;270.8985291
59068;106.9662476;269.4847717
59069;106.3728027;267.2593689
59070;104.8274307;263.9205017
59071;103.2619629;259.6258545
59072;104.7563629;255.5977936
59073;109.6552124;255.8411255
59074;114.1677933;256.4338074
59075;115.5561371;259.8922119
59076;116.6716537;263.0486755
59077;117.6632767;266.0583496
59078;118.7886124;268.37677
59079;119.9289474;267.1420898
59080;120;265.5143127
59081;120;266.0687256
59082;118.8673401;265.9396973
59083;116.1797333;265.5552673
59084;116.7831421;262.2721558
59085;116.8065491;258.9663086
59086;116.7394791;256.7394714
59087;116.5745392;256.5745544
59088;115.1252136;255.2108917
59089;114.1626968;253.4390717
59090;112.9992599;252.141449
59091;111.389183;250.5439911
59092;111.9396362;249.6021881
59093;112.5716782;248.9630127
59094;113.7392731;248.4346466
59095;115.6127472;247.4954376
59096;115.2585068;247.3707428
59097;114.2647324;248.1604004
59098;114.1139603;248.7272797
59099;113.519989;249.8734436
59100;111.5274811;247.2427063
59101;108.7947006;244.9106293
59102;106.1993637;243.1528931
59103;104.6469879;241.2939758
59104;104.2196732;240.1098328
59105;106.0297012;240.9724731
60054;102.9554596;256.6886902
60055;102.8266907;256.4139404
60056;102.6546631;256.3882446
60057;102.9795837;256.6296692
60058;104.1411972;261.7855225
60059;105.7842407;268.1740723
60060;107;273.5566406
60061;107;276.1763611
60062;107;278.2173462
60063;107.6670303;280.1263428
60064;108;283.1556702
60065;107.5443878;281.2419739
60066;106.7288666;270.5570068
60067;107.088913;267.2718506
60068;107.6575623;268.4014587
60069;106.8151093;266.1387939
60070;105.5751266;263.2878418
60071;104.8284378;259.4078064
60072;108.5571365;255.880722
60073;111.8820877;255.1539154
60074;113.7806473;257.7591248
60075;115.1621399;261.1793518
60076;116.1194077;265.1795959
60077;117.3632965;266.8516846
60078;118.7915115;266.9890442
60079;120;266.8228455
60080;120;266.1609802
60081;120;267.2409973
60082;119.3135834;266.5815735
60083;117.9073563;264.2426147
60084;117.2771835;260.9467773
60085;117;257.4112244
60086;117;257.3233643
60087;117;257.218689
60088;116.3332367;256.1190186
60089;114.9163666;254.6061707
60090;113.7659836;252.8407135
60091;112.3621902;251.3621979
60092;111.9335022;250.509964
60093;112.703949;249.4168243
60094;113.7724533;249.0475769
60095;114.9271088;249.1843872
60096;115.8185425;248.6071777
60097;115.9478683;249.4083099
60098;115.4897232;249.4632263
60099;114.6615295;250.6452179
60100;111.9514694;248.0079193
60101;108.785347;245.5831299
60102;106.1652985;243.6653442
60103;105.5608292;242.3490753
60104;104.6865921;240.0279999
60105;104.9852982;239.9852905
61056;103.9064789;257.1246948
61057;104.0259018;257.5204163
61058;104.9291382;261.2081909
61059;105.6524277;265.4128113
61060;106;268.1711426
61061;106.7271881;269.8959961
61062;107;271.2832336
61063;107.1576309;274.1593933
61064;107.8241577;276.6948853
61065;107.3550873;275.2242126
61066;107;266.6407166
61067;107.3397064;265.1087952
61068;107.9334564;266.7853394
61069;106.9992676;264.4621582
61070;106.1861801;262.0083618
61071;106;258.1374207
61072;106.9827728;255.6937866
61073;111.373642;257.192627
61074;113.5360565;259.5262451
61075;115;262.5144958
61076;115.8610306;265.0250854
61077;117.3485184;265.3005676
61078;118.6212769;265.3197327
61079;119.5309525;264.7727966
61080;120;266.3431091
61081;120;267.5555115
61082;119.5916901;266.7750854
61083;118.6414032;263.4588928
61084;118.0158768;260.2050476
61085;117.6136627;257.6136475
61086;117.6800385;257.8120728
61087;117.8162537;257.3182983
61088;117.8917999;256.2247314
61089;116.0800629;255.2225952
61090;114.9758835;253.4976959
61091;113.0481567;252.0481567
61092;112.5605164;251.1868439
61093;112.0057297;251.0019073
61094;112.8825912;250.355484
61095;114.2169266;249.9336548
61096;115.6239319;250.3114014
61097;115.5373764;250.4011078
61098;114.5737991;250.0782166
61099;113.5095596;249.8483887
61100;110.5469894;248.2734985
61101;107.5957336;246.0166626
61102;106.8485718;244.206131
61103;105.9504776;242.2605438
61104;105.0585632;240.3363037
61105;104.4077911;239.4077911
62059;105;258.8535156
62060;105.3841782;262.0843811
62061;106.0485306;262.7941284
62062;106.4689865;265.2540588
62063;106.6171265;267.7453003
62064;107;269.468811
62065;107;269.0501404
62066;107;263.1126099
62067;107.4666977;263.67099
62068;108.0256424;264.7479248
62069;107.4092026;263.0183716
62070;106.667923;260.7105408
62071;107.4022827;258.1908875
62072;109.3872833;255.9521637
62073;111.3649521;258.8194275
62074;113.344841;261.2695923
62075;114.60569;262.3981323
62076;115.7803574;263.6533813
62077;116.9679413;263.7774963
62078;117.8503494;263.4364319
62079;119.3010483;264.8295593
62080;119.9987869;266.2644958
62081;119.9049835;267.0910339
62082;119.6979675;266.6651917
62083;119.0474777;262.6947937
62084;118.4526978;260.1764526
62085;118;258.5483704
62086;117.8051071;259.9289551
62087;118;260.5274048
62088;117.4931564;259.4743042
62089;116.5823135;258.5572815
62090;116.4416885;254.4589233
62091;114.6975708;253.2731781
62092;114.1876068;251.787674
62093;113.7799225;251.500824
62094;113.7003937;252.4299316
62095;114.8248672;251.5613098
62096;115.8981171;251.3397369
62097;115.1567383;251.1567383
62098;113.6919785;249.6911774
62099;112.074707;249.5186768
62100;109.4385376;248.1647644
62101;107.7215729;246.7215576
62102;107.0465927;244.8340302
62103;106.0522232;242.7357025
62104;105.2015762;241.0357971
62105;104.4285736;239.8058472
62106;108.9376526;243.8223877
63061;105.6739502;258.2497559
63062;106.3031235;259.7656555
63063;106.13414;260.9118042
63064;106.7565536;263.0262146
63065;106.7039719;261.8543396
63066;107.0574265;261.0453186
63067;108.1178665;262.5301514
63068;108.6588593;263.5713806
63069;107.9965515;263.7002258
63070;107.1887131;261.1790771
63071;108.5382004;258.2703552
63072;111.0030823;257.19104
63073;112.2886963;260.3316956
63074;113.4727707;261.0500488
63075;114.5945129;262.2459717
63076;115.6641006;262.5627441
63077;116.9945374;262.0967102
63078;118.2463303;262.9940186
63079;118.9623718;263.9247437
63080;119.4730835;264.7718201
63081;119.1715698;265.4680481
63082;118.9973679;264.5874939
63083;118.5169601;261.7204895
63084;118.0223618;258.3760986
63085;117.6699066;260.5569153
63086;117.4587631;262.872406
63087;117.1508026;264.1655884
63088;117.4552383;263.3926392
63089;116.9841385;262.4486694
63090;116.6407776;258.1999817
63091;116.9959869;255.0240173
63092;116.1212082;252.6896362
63093;115.6741867;252.0170746
63094;116;252.6038055
63095;116.1582718;251.8265228
63096;115.8485107;250.460022
63097;114.2642136;249.1832123
63098;112.7549133;248.4619141
63099;111.1525192;248.3353729
63100;109.7251663;248.4374542
63101;108.3381424;247.2371674
63102;106.9836426;245.6464691
63103;106.2766876;243.658844
63104;105.5697327;241.6712189
63105;105.0814972;240.6193085
63106;106.9150009;241.2722015
64064;106.8077469;258.7720032
64065;106.2118835;258.7234192
64066;107.0632172;259.2949524
64067;108.127121;260.7741394
64068;109;261.7348022
64069;108.4814072;261.9762573
64070;107.6854019;259.9202881
64071;108.3826675;260.0883789
64072;110.6350021;260.6483765
64073;112.4884567;261
64074;113.7001266;261
64075;114.7136765;261.6082153
64076;115.6485825;262.2214355
64077;116.8051071;262
64078;117.7309799;261.9488525
64079;118.1584473;262.3168945
64080;118.9380035;263.3494263
64081;118.4638672;264.0893555
64082;118.2478867;262.4993591
64083;117.998703;260.7155457
64084;117.461647;260.627655
64085;117.0604172;261.5805969
64086;117.0055237;264.2165527
64087;117;266.0010071
64088;116.8538971;266.0697327
64089;116.8449097;261.953949
64090;116.2923203;261.336792
64091;115.5895309;258.2482605
64092;114.7477875;253.0438995
64093;116.0963211;250.8186188
64094;116.6601334;249.9302673
64095;116.829071;249.039566
64096;116.5652313;247.6348419
64097;115.4451675;246.3435364
64098;113.3789673;245.6379395
64099;112.2148895;246.5606689
64100;111.0568085;247.4923706
64101;109.6845627;247.154007
64102;108.4192734;245.3546448
64103;107.1357727;243.7828674
64104;106.4658737;242.2586823
64105;105.8509521;241.0949249
64106;105.2440338;240.4062347
65066;107.8132629;258.0339355
65067;108.5797501;258.7027283
65068;109.08004;259.6900635
65069;109.0712891;259.8113098
65070;108.8898163;259.6182251
65071;109.0127487;259.5654297
65072;110.1773071;260.02948
65073;111.9627838;260.3550415
65074;113.8451385;260.9483643
65075;114.8520813;261.4260559
65076;115.5578232;261.7789001
65077;116.3674011;261.6325989
65078;117.0728836;261.072876
65079;117.6018372;261.6018372
65080;118.296402;262.4556274
65081;118;263.8051453
65082;118;262.6413574
65083;117.5064774;260.5332642
65084;117.2850876;261.3764648
65085;117;262.2919006
65086;117;264.536499
65087;117;266.7271423
65088;116.0162582;264.4846497
65089;114.8410034;260.9281311
65090;113.7905426;259.1612244
65091;112.1016922;254.9447632
65092;111.3173065;250.9514008
65093;110.7597275;247.3299561
65094;112.2944717;245.6681366
65095;113.5770569;245.0963135
65096;116.1179123;246.3531647
65097;114.880661;245.0664063
65098;114.6105194;245.5527649
65099;113.5177612;246.0420227
65100;112.3261795;246.4782104
65101;111.1345901;246.9144135
65102;109.8678665;245.0540009
65103;108.3758163;243.6618958
65104;106.9285736;242.3287354
65105;106.1460037;241.1311951
65106;105.0534592;240.894455
65107;111.8736496;246.848938
66068;109.4072571;258.4081421
66069;109.4895401;258.506073
66070;109.0722198;258.5712891
66071;109.8244019;259.0586243
66072;110.550972;259.4314575
66073;112.0201721;259.9425354
66074;113.7106476;260.7106323
66075;114.3153534;261.1576843
66076;114.9241791;261.4620972
66077;116.0846634;261.9470215
66078;116.9007874;261.811554
66079;117.3334732;261.8298035
66080;117.6532135;261.8154602
66081;118;263.3920593
66082;117.8626022;262.4504089
66083;117;259.906189
66084;117.1528168;261.7954407
66085;117;263.1471863
66086;117;265.3160706
66087;116.1743011;265.2501831
66088;114.4335938;262.2710876
66089;112.589119;259.1246948
66090;110.7989807;255.0627899
66091;109.0861664;250.9367676
66092;107.5398178;247.497818
66093;106.1327362;244.0588531
66094;106.2754288;241.2673187
66095;110.2073593;242.357193
66096;114.3421173;244.1753998
66097;114.91362;244.5299072
66098;115.2760162;245.8003693
66099;114.8984222;246.6735535
66100;113.7576065;247
66101;112.7678604;247
66102;111.2603836;245.3302002
66103;109.5300064;243.5795288
66104;107.9326172;242.2904358
66105;106.5455627;241.2001953
66106;105.3446426;241.3826904
66107;109.9441833;243.4835205
67070;109.2574692;258.1246338
67071;109.9547577;258.6089478
67072;110.7518234;258.9761658
67073;112.3902512;259.5070496
67074;113.1314316;260.2427063
67075;113.6653214;260.7730713
67076;114.2375183;260.9697571
67077;114.9309082;261.2387085
67078;116.0191574;261.5095825
67079;116.8369827;261.4237366
67080;117.1372223;261.2744446
67081;117.8588028;262.7176208
67082;117.2665634;260.4969177
67083;117;260.2129822
67084;117;262.421814
67085;116.4124527;262.6425781
67086;115.544281;262.1259766
67087;114.1683121;260.4868164
67088;112.2550735;257.959137
67089;110.5465469;254.6359406
67090;108.7440567;250.6546936
67091;108.0478134;248.2301331
67092;107.9328232;246.6669464
67093;106.5721664;243.6700592
67094;104.6853104;240.0731506
67095;108.476387;241.4451904
67096;113.2111893;243.4332123
67097;116.3871078;244.3467712
67098;116.798439;245.6522217
67099;116.4659271;247.2400818
67100;115.4915466;247.3209076
67101;114.2534027;246.9191437
67102;112.5512772;245.4923096
67103;110.7623825;243.4128571
67104;109.2296371;242.2438812
67105;107.9738922;241.2156219
67106;108.5733032;241.7795868
67107;109.6117477;242.7616425
68073;112.031189;259.4223022
68074;112.8305511;259.9785767
68075;113.6951065;260.7015686
68076;114;260.4086609
68077;114.5467987;260.5536194
68078;115.0856934;261.0428467
68079;116.1140671;260.5764771
68080;116.7418823;260.7418823
68081;117.1280289;262.0578613
68082;116.5511169;262.0811157
68083;116.1392517;261.2705078
68084;115.5943527;261.5943298
68085;114.9334869;260.684021
68086;113.9136887;258.938324
68087;112.1687927;255.3207855
68088;111.1846008;253.3036346
68089;111.2409821;252.9580994
68090;109.2489929;248.9030914
68091;109.2243805;247.9535065
68092;108.9354477;246.2743225
68093;108.19841;243.958313
68094;108.1592636;242.4277649
68095;109.4796219;242.1732178
68096;113.4002304;243.6000519
68097;116.3039093;244.3259735
68098;118.7587967;245.1904297
68099;118.2450867;247.0292969
68100;117.0331802;247.4911499
68101;115.431572;246.3202362
68102;113.8763199;245.16539
68103;112.2889481;243.4988098
68104;111.5095367;242.4697113
68105;110.0788803;241.2045746
68106;109.4638138;241.2848816
68107;108.6585388;241.5133057
68108;114.7731018;249.4951782
69076;113.4966583;259.7193604
69077;114.145607;260.1742249
69078;114.6740799;260.6469727
69079;115.689949;260.7602539
69080;116.6191025;260.3413696
69081;117;261.3760376
69082;116.2409897;261
69083;116;261.9737549
69084;115.4063873;262.0033875
69085;113.1888428;257.6766052
69086;111.7127991;253.8044128
69087;111.6670685;252.1773376
69088;111.5318069;251.6412048
69089;111.1178665;249.9210358
69090;110.4058228;248.3850708
69091;110.4603195;247.5288391
69092;110.6865234;246.6230164
69093;110.9968033;245.7162933
69094;111.5989609;245.0565186
69095;112.1391373;244.2647705
69096;113.4674377;243.7492981
69097;116.1042786;244.5184937
69098;117.3063507;245.5528259
69099;117.3234634;246.8184509
69100;117.9048615;247.2773132
69101;116.982933;246.3977509
69102;115.7635574;245.1087189
69103;114.1233521;243.6128998
69104;113.792923;242.8639069
69105;113.3791885;242.0755768
69106;111.8930435;241.5970154
69107;110.5930176;241.0157928
69108;112.7192383;246.542099
70078;114.4131165;259.7328796
70079;115.3380966;260.2487488
70080;116.1569672;260.6929932
70081;116.2852783;260.7575989
70082;116;261.6477051
70083;115.0069427;260.1661682
70084;113.0365067;256.1988831
70085;112.1367035;253.8796692
70086;112.2626038;252.6768799
70087;113.0409698;252.2509308
70088;112.9299469;251.7313232
70089;113.4932938;251.0310974
70090;114.0658493;250.455368
70091;114.1006165;249.694809
70092;114.319191;248.8359985
70093;114.5103378;248.8443909
70094;114.9527206;248.2299042
70095;115.1606369;246.8964539
70096;115.2561874;245.6093903
70097;115.6921692;245.1099701
70098;116.5335999;245.4205475
70099;117.7364578;246.3106384
70100;118.97052;247.1213379
70101;118.6724777;246.3431549
70102;117.361412;245.0532837
70103;116.4431;243.8095551
70104;116.5606232;242.8190613
70105;116.5079727;241.9353943
70106;115.5003433;241.4592285
70107;113.9972229;241.2945862
70108;112.1215668;245.3354187
71080;115.1837082;260.077301
71081;116.0856094;260.0920715
71082;116;259.6157532
71083;115.1059799;257.638855
71084;115.3553619;256.6246643
71085;114.835762;255.9408264
71086;115.1486893;255.310257
71087;115.2257767;254.6042786
71088;115.3320999;253.7975769
71089;116.6312103;252.9908752
71090;117.1995468;252.4084625
71091;117.740921;251.8607788
71092;117.5259171;251.6499481
71093;117.1664734;251.4478149
71094;117.4954529;250.7634583
71095;117.7031403;249.7258453
71096;117.7986908;248.4387665
71097;118.3573227;247.9187622
71098;119.4780273;247.0933838
71099;120.7445831;247.3292999
71100;121.7331238;247.5361938
71101;121.1383667;246.2911835
71102;119.933403;245.0769806
71103;119.7640305;244.4019318
71104;120.0716934;242.9560394
71105;120.0285416;241.7516937
71106;119.2504272;241.2491913
71107;116.6240234;242.1789551
71108;111.8736572;244.8736572
71109;117.6588516;251.9986725
72083;116.711647;260.4364929
72084;116.6072769;258.9346313
72085;116.7981796;258.1147461
72086;117.2709274;257.5011597
72087;117.0141678;256.7160034
72088;116.5878983;256.3088379
72089;117.3963394;255.4931183
72090;118.1591415;254.9393463
72091;118.8163986;254.3279114
72092;119.1621094;253.8871613
72093;119.2058029;253.1349792
72094;119.4884109;252.3704987
72095;119.9858093;251.9772491
72096;120.3412018;251.268158
72097;120.8282471;250.4974518
72098;120.9169464;249.6564789
72099;121.4462585;249.0038147
72100;122.7206268;248.2394257
72101;122.9116974;246.6060181
72102;122.58741;245.9813843
72103;122.1874466;245.4527588
72104;122.5903397;243.5864716
72105;122.5764236;242.3270264
72106;122.4215927;241.504776
72107;119.2893677;242.8028107
72108;114.8617477;245.2067566
72109;115.5103073;249.5974884
73085;117.5005493;260.7809143
73086;117.8066864;259.7106018
73087;118;258.6079712
73088;118;258.3276367
73089;118.0752869;258.0387573
73090;118.8476563;257.4046936
73091;119.3935013;256.7706299
73092;120;255.8411255
73093;120;255.3777161
73094;120.1135635;254.6464386
73095;120.5542221;254.2694855
73096;121.0245132;253.4424133
73097;121.3184204;252.7304077
73098;121.6123428;252.0184174
73099;121.9062576;251.3064117
73100;122.5660782;250.5515442
73101;123;249.5444183
73102;122.947403;248.0382233
73103;122.5717163;247.6481781
73104;123.3363113;245.4617157
73105;124;243.5636444
73106;123.3392868;243.456955
73107;121.6703186;243.4420166
73108;118.092453;245.5852661
73109;116.8239136;249.1725616
74088;118.6613998;260.70755
74089;118.9749527;259.9353333
74090;119;259.653656
74091;119.2508469;259.0220337
74092;119.9415894;257.6246338
74093;120;257.3434448
74094;120.1495438;257.046814
74095;120.6095581;256.2010803
74096;121.0579529;255.3882904
74097;121.2976532;254.5945282
74098;121.4972763;253.7403412
74099;121.7226868;253.0387878
74100;122.2575684;252.9525146
74101;122.6746063;252.4817505
74102;122.8617096;251.1847687
74103;123;249.8273926
74104;123.3938065;248.1346283
74105;124;246.1055908
74106;124.322258;245.8850861
74107;123.4720764;245.6645966
74108;120.6397171;245.412735
74109;117.6086731;247.7053833
74110;120.5445938;254.502182
75090;119.8260727;261.1223145
75091;119.7899933;260.1889038
75092;119.8533707;259.4607239
75093;120.1111069;258.9995728
75094;120.5325165;258.7294922
75095;120.9570999;258.2235718
75096;121.2379608;257.2863159
75097;121.0681;256.1437988
75098;121.2677307;255.2895966
75099;121.5587463;254.9764557
75100;121.8894272;254.8982239
75101;121.9158936;255.2575684
75102;122.2758789;253.8151398
75103;122.6244965;252.2243958
75104;123.2239075;250.9668121
75105;123.8774719;249.013092
75106;124.621521;247.7236481
75107;125.4952698;246.0076141
75108;123.995163;246.2887726
75109;119.2260437;248.2542725
75110;118.6716614;252.3577728
76092;120.8697968;262.0429077
76093;120.8120117;260.8804016
76094;120.9166565;260.3259888
76095;121.3380814;260.0559082
76096;121.6532669;259.3388062
76097;121.2920914;258.0469666
76098;121.0093002;257.0711365
76099;121.0749283;257.3739014
76100;121.1606674;257.5600586
76101;121.5638199;256.6802368
76102;121.9669724;255.800415
76103;122.4108963;254.5515442
76104;123.0014572;253.7132263
76105;123.6065979;251.8423004
76106;124.2014771;250.2147369
76107;125.0380096;248.8514099
76108;123.7654037;249.5393982
76109;121.5512695;250.5856934
76110;119.8286896;251.6319733
77095;122.1489334;261.9480896
77096;122.2583084;260.8567505
77097;122.1835098;260.6828613
77098;122.0920868;259.7216187
77099;122.0041122;259.1809387
77100;122.0355911;258.9424744
77101;122.2795334;257.9486084
77102;122.478447;257.178894
77103;122.3953629;256.5422974
77104;122.9458466;255.7886658
77105;123.266861;254.7387085
77106;123.786377;253.0035553
77107;124.6413116;251.9740295
77108;124.8474731;250.4479675
77109;123.4617996;251.3707428
77110;121.9955597;252.6623077
77111;123.4303436;257.0057068
78097;123.1104889;263.0158081
78098;123.435257;261.7201538
78099;123.3394775;261.3225708
78100;123.174881;260.580719
78101;123.3715591;259.4728394
78102;123.3566971;258.7561035
78103;123.4357834;258.1790161
78104;123.0761108;257.6058044
78105;123.3564835;257.244812
78106;124;256.0691528
78107;124.2422485;255.4163666
78108;124.5811005;253.4773865
78109;125.0546875;251.446701
78110;124.4159622;254.0706635
78111;123.6473618;257.5172424
79100;124.4296188;262.7772827
79101;124.6166229;261.7914429
79102;124.6109085;260.8921814
79103;124.4408875;260.0880432
79104;124.2151184;259.4180908
79105;124.3050385;259.0561523
79106;124.5459595;258.6403809
79107;124.6621628;257.702179
79108;125.4512863;255.9235229
79109;125.6708984;254.3544769
79110;125.4795303;253.4347076
79111;124.7097931;256.8800964
80102;125.3387833;263.8415833
80103;125.4699326;262.3768005
80104;125.2888031;261.5762024
80105;125.4855881;260.9260559
80106;125.7582626;260.2432556
80107;125.6551514;259.1767273
80108;125.9943466;257.8072205
80109;126;258.030426
80110;126;256.5623779
80111;125.7695465;256.2401733
81105;126.3579025;263.4687805
81106;126.5335236;262.8031616
81107;126.5285187;261.4675598
81108;126.4651566;261.7260742
81109;126.3790665;261.533844
81110;126.6255722;259.3562012
81111;126.560463;257.6289673
81112;125.9078827;258.9916382
82107;127.7768173;263.4580688
82108;127.7075882;262.9266663
82109;127.6790619;261.9915466
82110;127.6847992;260.9016724
82111;127.4406662;259.6702881
82112;127.4384003;258.7490234
83111;128.9420319;-9999
83112;128.6310425;-9999
